id,PM2.5
test_00001,185.7669445854342
test_00002,158.8291369971081
test_00003,424.21511397378765
test_00004,73.4877897605423
test_00005,47.77797277885211
test_00006,118.53325954286174
test_00007,9.55938925745178
test_00008,7.403839350588915
test_00009,55.80018453200768
test_00010,134.28645342080972
test_00011,10.79879029391239
test_00012,121.98815578758014
test_00013,280.4044208881862
test_00014,325.7373700066045
test_00015,65.84663978273827
test_00016,46.66855182388883
test_00017,46.50675100024461
test_00018,129.33955415354586
test_00019,53.26479162621419
test_00020,10.248387000064877
test_00021,28.03483304139474
test_00022,36.362943710069366
test_00023,8.164139236787708
test_00024,47.39156487361852
test_00025,9.084293122494195
test_00026,9.112535261008855
test_00027,107.50783263819123
test_00028,70.55386032833133
test_00029,6.506027216534222
test_00030,7.773028840083762
test_00031,60.752663651939976
test_00032,100.62469530521446
test_00033,94.21923846633543
test_00034,21.25384790201899
test_00035,8.19391525063768
test_00036,69.59796831233861
test_00037,95.5751387360232
test_00038,19.697667562280742
test_00039,33.36346149607743
test_00040,84.73161777360238
test_00041,9.138198732846883
test_00042,10.88554927773766
test_00043,25.163865109683034
test_00044,76.44269091808171
test_00045,74.38436083452606
test_00046,57.06386240250829
test_00047,21.683070137369242
test_00048,59.293918323124295
test_00049,55.836990317332756
test_00050,67.65719860103256
test_00051,85.45167074565256
test_00052,101.04540439429238
test_00053,56.21950681073739
test_00054,185.43666230345255
test_00055,190.8129750845946
test_00056,22.166091308129662
test_00057,9.707990696619632
test_00058,26.493762646919524
test_00059,58.99255759897439
test_00060,32.69391921336683
test_00061,38.37339490762598
test_00062,54.281136516051866
test_00063,22.827969881002442
test_00064,54.48248175044363
test_00065,138.69906688907824
test_00066,27.127602390413692
test_00067,33.747513779692554
test_00068,64.92928209071422
test_00069,68.72366082252832
test_00070,39.9843828507434
test_00071,45.83271188827262
test_00072,80.54235777222046
test_00073,122.08397083567229
test_00074,85.01978377959213
test_00075,63.40367825590229
test_00076,77.58489777129462
test_00077,49.57595219586439
test_00078,10.499994156786194
test_00079,15.553261442482336
test_00080,63.712517670579
test_00081,39.14312019167231
test_00082,10.76555710651569
test_00083,89.65036147122726
test_00084,32.11488276477943
test_00085,41.95368564723958
test_00086,43.93337959846233
test_00087,67.59476338103296
test_00088,76.75037977144353
test_00089,68.00267443831592
test_00090,123.72636746349114
test_00091,80.29665063033738
test_00092,200.8665130187226
test_00093,53.01303938039928
test_00094,8.654327278507814
test_00095,69.29794645877712
test_00096,41.401753183601556
test_00097,57.14793729427935
test_00098,14.896811892064383
test_00099,71.25765123694782
test_00100,19.34693166331933
test_00101,21.26338845004531
test_00102,126.4142548229193
test_00103,85.67474128174172
test_00104,155.12198032963983
test_00105,61.54364313807143
test_00106,114.19019257543674
test_00107,7.177822285680809
test_00108,18.61569383116307
test_00109,35.81965919332501
test_00110,70.13692766670485
test_00111,102.44530792389457
test_00112,120.41365983823354
test_00113,55.03483203006501
test_00114,22.551400538427895
test_00115,37.58918726219615
test_00116,115.09625659341455
test_00117,45.613732890001266
test_00118,85.85251949641952
test_00119,87.97315216495042
test_00120,71.55075965960565
test_00121,65.27056443190574
test_00122,108.50514922419514
test_00123,82.98314592225873
test_00124,53.93009094303902
test_00125,21.979635941552953
test_00126,59.967593855610964
test_00127,36.07881728448478
test_00128,36.870343426995035
test_00129,88.64497674960275
test_00130,111.98758834948922
test_00131,72.36655405594314
test_00132,9.583230135836027
test_00133,26.75341617673364
test_00134,65.6424417892385
test_00135,140.35782269649565
test_00136,123.6415902912033
test_00137,39.55433174015005
test_00138,16.556073877200387
test_00139,118.53760422516898
test_00140,111.54069252803941
test_00141,42.404865704064065
test_00142,77.92181358022508
test_00143,99.00166188232546
test_00144,56.32911837145843
test_00145,85.6557351398732
test_00146,74.99280534718704
test_00147,111.54553131885991
test_00148,13.722898157202218
test_00149,47.46155954467499
test_00150,49.70780670367658
test_00151,68.56226703500428
test_00152,98.45512760698702
test_00153,37.527303799321075
test_00154,34.67186035821811
test_00155,13.15711942917563
test_00156,8.778120636490465
test_00157,22.47564691771173
test_00158,80.37965931210508
test_00159,69.41499474314928
test_00160,22.94038803662218
test_00161,53.87743647562017
test_00162,61.06327137374701
test_00163,31.310349920660798
test_00164,83.84901867904053
test_00165,101.15538064231671
test_00166,8.774403291940368
test_00167,20.58997939938174
test_00168,9.997472083765373
test_00169,19.17035987224242
test_00170,23.00044094660302
test_00171,22.347383130914285
test_00172,6.4584653517216095
test_00173,14.332943862870836
test_00174,14.374130504590894
test_00175,144.9026493872066
test_00176,36.12361919888977
test_00177,11.929696594387671
test_00178,12.666081907354668
test_00179,8.854397539989993
test_00180,11.326088799784607
test_00181,28.87241356272633
test_00182,38.49986473340213
test_00183,69.88152593057518
test_00184,65.081966334731
test_00185,153.05876973118671
test_00186,29.110653551834247
test_00187,32.03743838767915
test_00188,12.922469138489197
test_00189,17.976500630534318
test_00190,42.33453596126435
test_00191,90.61922907557948
test_00192,101.87039182262387
test_00193,26.903974728750605
test_00194,180.19626846790183
test_00195,29.07171748807265
test_00196,9.66707659716144
test_00197,35.320721058305935
test_00198,92.8392550291525
test_00199,203.62389333302102
test_00200,165.13142018074342
test_00201,100.86009973319337
test_00202,39.45054716562228
test_00203,61.62421787855493
test_00204,56.05052535045642
test_00205,53.183539071480276
test_00206,18.380468794254316
test_00207,44.15335954864165
test_00208,140.14253792588661
test_00209,50.86630168989008
test_00210,123.81497151521933
test_00211,221.85756501833723
test_00212,263.21875169386396
test_00213,124.19561701458017
test_00214,96.14773714513014
test_00215,63.66338950536243
test_00216,183.84734790287646
test_00217,54.450875474382144
test_00218,40.093710037761895
test_00219,12.540293719597969
test_00220,22.655248292374864
test_00221,49.19579797444075
test_00222,118.03011281552655
test_00223,6.689200386659518
test_00224,63.786709790419174
test_00225,6.625440384937951
test_00226,27.40615391250775
test_00227,9.07187513117702
test_00228,8.019732266228333
test_00229,70.8163087173528
test_00230,114.37920876045366
test_00231,290.15744384241987
test_00232,222.23451567692177
test_00233,115.36173630380779
test_00234,99.180297174233
test_00235,13.531285525518694
test_00236,91.97455289582498
test_00237,218.8246867399057
test_00238,33.57474342731555
test_00239,70.58873850526855
test_00240,56.53511780385419
test_00241,19.824277984882123
test_00242,28.06131240287138
test_00243,89.77024425902442
test_00244,65.28995319163654
test_00245,194.8496692806042
test_00246,26.696367136339084
test_00247,76.05423181675584
test_00248,8.796667606390004
test_00249,7.085211435444677
test_00250,11.381459121426698
test_00251,75.55079328149837
test_00252,189.91748013810954
test_00253,262.05133321501796
test_00254,21.4281623674723
test_00255,77.00916777895036
test_00256,149.28488611896302
test_00257,6.970384489411234
test_00258,128.46347887387398
test_00259,128.14179657146255
test_00260,531.7614396673732
test_00261,74.99311757229226
test_00262,32.04233221272813
test_00263,113.91018432307678
test_00264,195.85538235947638
test_00265,7.225352740427004
test_00266,17.781292946620187
test_00267,121.23305158459378
test_00268,230.9370960044887
test_00269,10.267292345325405
test_00270,15.302619868791895
test_00271,7.261055573025144
test_00272,68.46751734657042
test_00273,273.4721354996262
test_00274,203.8415628839033
test_00275,195.7638016536362
test_00276,418.43907805249603
test_00277,395.2660288563576
test_00278,15.972579372565232
test_00279,80.31674099239478
test_00280,169.97106996730483
test_00281,182.25704195631513
test_00282,13.714826193082317
test_00283,137.45494738673398
test_00284,14.381413298988361
test_00285,316.9259724175746
test_00286,284.5644318730572
test_00287,437.05552081367455
test_00288,72.97652330336842
test_00289,286.96453927985175
test_00290,344.8371454625445
test_00291,259.68991031800783
test_00292,183.2739854498901
test_00293,143.179674988525
test_00294,20.176344600254446
test_00295,14.772380945492873
test_00296,6.0811497554779566
test_00297,34.967361405509436
test_00298,78.39935953370825
test_00299,13.030072291933406
test_00300,31.26000866149276
test_00301,88.335715516211
test_00302,119.9688892426224
test_00303,168.1724773010459
test_00304,57.53912384293844
test_00305,10.78000772852641
test_00306,72.19211678678758
test_00307,11.31990072014332
test_00308,22.559880453655367
test_00309,79.17815214683961
test_00310,195.88857716452912
test_00311,298.8837013811676
test_00312,9.477742889566022
test_00313,548.0739092857642
test_00314,11.357840422520205
test_00315,7.678976400254725
test_00316,96.69484957306989
test_00317,8.636276724873017
test_00318,56.384954414138996
test_00319,92.5379620933556
test_00320,274.1827676694381
test_00321,7.925310943233998
test_00322,7.087665000781704
test_00323,86.00349089081664
test_00324,10.14630657426024
test_00325,7.306721185523013
test_00326,8.80437061838722
test_00327,129.92152645873952
test_00328,137.902781971874
test_00329,174.25218530050054
test_00330,261.17547508352936
test_00331,286.1470572187279
test_00332,6.185209068345248
test_00333,79.1736491501499
test_00334,163.1053923217459
test_00335,6.290434351362802
test_00336,49.14021883998939
test_00337,94.96104989299607
test_00338,14.171329917589908
test_00339,22.50774119260322
test_00340,9.907133556292004
test_00341,21.488564384440863
test_00342,7.24614660297635
test_00343,125.31902892101212
test_00344,179.97964076796018
test_00345,271.53755429786037
test_00346,48.22375994009995
test_00347,25.750314655498613
test_00348,83.2927061205891
test_00349,9.633564692663848
test_00350,9.900156811867989
test_00351,13.614690931662059
test_00352,19.835984067028555
test_00353,98.52111244181624
test_00354,12.907737755591878
test_00355,81.85037743022066
test_00356,232.65383751240228
test_00357,275.8809243648011
test_00358,61.65131389573615
test_00359,42.6148509996966
test_00360,27.859341466716913
test_00361,107.3083083405033
test_00362,53.134558428819254
test_00363,6.863947509632617
test_00364,10.44666107057596
test_00365,12.168271078122075
test_00366,7.16845202171256
test_00367,18.473078321742385
test_00368,6.230794716637975
test_00369,6.154820949917106
test_00370,64.31007097218786
test_00371,71.51859473593302
test_00372,6.0491326659583535
test_00373,14.942342155169243
test_00374,37.77676184650463
test_00375,46.66913016622142
test_00376,77.406648721951
test_00377,15.243499115208182
test_00378,8.705941840575868
test_00379,14.035380981554926
test_00380,51.411536383868956
test_00381,29.509492205096308
test_00382,98.57480819902698
test_00383,23.84911299275615
test_00384,35.31785666626392
test_00385,89.97329582637613
test_00386,9.319345536751559
test_00387,12.8481832082038
test_00388,23.48043358911056
test_00389,87.64896542375526
test_00390,69.50066710816641
test_00391,43.96841358911424
test_00392,12.164814736977778
test_00393,47.02538496316784
test_00394,82.79170179562858
test_00395,73.28567483859563
test_00396,68.63246647164047
test_00397,72.84211630536319
test_00398,51.22825497819372
test_00399,154.19180048076407
test_00400,29.714831547841918
test_00401,9.866570726923719
test_00402,16.17217895625139
test_00403,13.084023043903509
test_00404,17.0846085712516
test_00405,67.40451257770863
test_00406,22.777077986446407
test_00407,39.20232124081859
test_00408,180.21948740666593
test_00409,18.904212533275874
test_00410,31.31816649421303
test_00411,59.602626934729
test_00412,14.162827619408407
test_00413,17.90372933742751
test_00414,44.62681805956918
test_00415,81.74632490463196
test_00416,101.76394129428125
test_00417,77.55715348545938
test_00418,43.88371229897101
test_00419,74.7869424499347
test_00420,26.613526387470685
test_00421,13.809454869969166
test_00422,15.390209278052073
test_00423,24.293780793585054
test_00424,67.68144099479893
test_00425,10.17615445964839
test_00426,69.95624600060651
test_00427,44.76059747892737
test_00428,55.13769376658639
test_00429,86.33394023292263
test_00430,97.66428348698513
test_00431,71.4745333449961
test_00432,68.26026610722387
test_00433,109.42386211051435
test_00434,72.78926752415578
test_00435,126.08362138029112
test_00436,47.61623920527559
test_00437,6.6089021539885096
test_00438,51.834548144675864
test_00439,27.26090176759002
test_00440,30.8548614313106
test_00441,9.004697205305543
test_00442,18.391641652834434
test_00443,23.42927788247302
test_00444,24.929161780566357
test_00445,55.32569001731861
test_00446,133.36566954234942
test_00447,101.97409452521539
test_00448,60.89397175529506
test_00449,46.402797121034254
test_00450,14.019342950852955
test_00451,30.348075413179167
test_00452,78.96005762832881
test_00453,69.13487007995799
test_00454,114.50439943895287
test_00455,13.013910708224916
test_00456,19.580181682312624
test_00457,38.13281079173697
test_00458,101.52441126416909
test_00459,43.74981131870622
test_00460,83.23904395595625
test_00461,71.78818663841966
test_00462,67.83897974863113
test_00463,51.31185011059838
test_00464,91.1985313903224
test_00465,57.82869789134146
test_00466,40.81435220311934
test_00467,9.84368507248994
test_00468,44.851558773146905
test_00469,21.302027592882144
test_00470,31.2358271038709
test_00471,67.47574773389245
test_00472,105.62363918848392
test_00473,33.13928799609108
test_00474,7.014178784393901
test_00475,15.532892210297016
test_00476,81.33904094510122
test_00477,145.4905170818595
test_00478,70.24135713929668
test_00479,34.680252212323275
test_00480,25.097781210002413
test_00481,13.951628069523991
test_00482,69.506496290672
test_00483,137.36507944723985
test_00484,29.32542215989463
test_00485,40.97605787511759
test_00486,59.26455466020791
test_00487,24.50849969896642
test_00488,42.816424359871206
test_00489,66.53239647916544
test_00490,91.93361914803253
test_00491,16.192281648297346
test_00492,38.849410914962604
test_00493,47.04773222932239
test_00494,89.99367879468355
test_00495,33.65027363826127
test_00496,25.351993872150153
test_00497,10.353684371901423
test_00498,17.365749001975132
test_00499,21.516996423492078
test_00500,63.64288164324952
test_00501,53.98249676942384
test_00502,16.57288516518001
test_00503,39.227062633798155
test_00504,45.27845406054315
test_00505,33.58457338372294
test_00506,65.84186297622546
test_00507,56.451434054579586
test_00508,5.521925522760706
test_00509,11.585029587169553
test_00510,6.527280976640814
test_00511,17.88652085902357
test_00512,16.59207879595919
test_00513,18.64497937571018
test_00514,10.434693268638124
test_00515,16.867412837280703
test_00516,15.782964704688515
test_00517,129.46004450084962
test_00518,36.31865199915075
test_00519,12.38089796921809
test_00520,49.311439185742714
test_00521,10.301535655991605
test_00522,9.474799645564612
test_00523,12.31041150086326
test_00524,20.8432971446014
test_00525,26.41864525765947
test_00526,105.4530513416391
test_00527,28.541193097338297
test_00528,51.68040979910306
test_00529,32.67919610939316
test_00530,28.03054498743552
test_00531,10.093062639870421
test_00532,13.378842051046329
test_00533,24.007232211657804
test_00534,79.31502767542588
test_00535,98.70984217506187
test_00536,12.583699525021153
test_00537,116.37031205293447
test_00538,21.624865961221605
test_00539,12.17697938068692
test_00540,8.849300469986105
test_00541,33.356132911243165
test_00542,103.02633039010715
test_00543,170.10717194896108
test_00544,162.03946076521186
test_00545,109.1137638881558
test_00546,46.154169649950624
test_00547,54.794869884987094
test_00548,63.38834985938743
test_00549,37.795559032866116
test_00550,19.914210431862045
test_00551,56.19322163578118
test_00552,106.92555560894311
test_00553,74.13701221592875
test_00554,118.13182014397343
test_00555,153.10998983433043
test_00556,236.15544696010062
test_00557,157.84924427651467
test_00558,20.25790533207403
test_00559,85.48062680829784
test_00560,145.01382978593944
test_00561,108.279232450414
test_00562,34.91221074013909
test_00563,9.875312600977137
test_00564,28.54487091056697
test_00565,55.357545954263614
test_00566,103.69962558518387
test_00567,13.16651906856176
test_00568,43.128020902071064
test_00569,6.741633878397501
test_00570,28.56102490091146
test_00571,10.111413714573546
test_00572,8.853721617850276
test_00573,66.48344444760038
test_00574,33.084930047512564
test_00575,271.54657199512445
test_00576,226.74150011263458
test_00577,175.6816022928041
test_00578,74.64405167382506
test_00579,17.166969901332678
test_00580,54.174951080483375
test_00581,219.87875949786053
test_00582,35.725494772190146
test_00583,53.42500781238727
test_00584,54.86715125119424
test_00585,46.251439975235684
test_00586,17.236254627144984
test_00587,88.82299571140135
test_00588,107.89425525799635
test_00589,182.7680327330685
test_00590,21.177066170066002
test_00591,61.4175738198785
test_00592,11.834665195228236
test_00593,9.206801718569096
test_00594,11.332655268379591
test_00595,63.74945901186388
test_00596,132.40448894000573
test_00597,229.93240953229116
test_00598,24.169916057756684
test_00599,73.11187363293963
test_00600,111.51235169033785
test_00601,18.309277461564044
test_00602,26.041932698353953
test_00603,76.85935248748477
test_00604,178.54385464220076
test_00605,151.71884014862042
test_00606,30.027508858245614
test_00607,105.98256027918426
test_00608,174.47168382951529
test_00609,11.78842230925948
test_00610,71.62578790207476
test_00611,73.68649682378218
test_00612,206.06005124003397
test_00613,44.62443148992985
test_00614,10.184627308759328
test_00615,11.118647858836049
test_00616,89.62050960837166
test_00617,174.8488379139443
test_00618,230.54671247981753
test_00619,208.3255569112197
test_00620,311.31833653400514
test_00621,416.2869723641238
test_00622,12.451085436638365
test_00623,64.53890914278017
test_00624,227.9466771960726
test_00625,219.67562635972666
test_00626,11.679879190386076
test_00627,86.3550290594595
test_00628,9.259307415796103
test_00629,58.337275530535756
test_00630,119.51001608350886
test_00631,391.84532437646743
test_00632,13.164498006999274
test_00633,140.94758712676185
test_00634,174.56014533062245
test_00635,196.89675338728551
test_00636,174.54398849910723
test_00637,248.76625425264967
test_00638,21.267413382380845
test_00639,10.319104549376403
test_00640,8.819675695388199
test_00641,22.914460239906653
test_00642,29.908387965230617
test_00643,11.236771509951835
test_00644,24.283260229697813
test_00645,98.25594934655514
test_00646,111.63352883016995
test_00647,168.995939527177
test_00648,54.22549100229686
test_00649,9.773808549928322
test_00650,50.127735326986084
test_00651,13.776557864866131
test_00652,30.5049111638385
test_00653,42.24349937706182
test_00654,123.88786483639713
test_00655,208.79889171837632
test_00656,7.354426700390111
test_00657,287.8268478086972
test_00658,8.565307414903147
test_00659,12.1495031777424
test_00660,73.47335297787026
test_00661,10.437285699112845
test_00662,98.19872934275165
test_00663,118.44521902201447
test_00664,255.88404788409497
test_00665,9.467168081669138
test_00666,10.677074440530163
test_00667,78.48095154484048
test_00668,8.234965502616204
test_00669,7.4989530803013595
test_00670,11.717977253396404
test_00671,78.5939111272565
test_00672,86.64691353360605
test_00673,97.99165318475542
test_00674,230.32668669813907
test_00675,263.5636820372387
test_00676,8.199784334611962
test_00677,61.662099682315
test_00678,125.77819218522154
test_00679,5.592786030169775
test_00680,33.92736831541023
test_00681,106.8640861896096
test_00682,14.383232903070128
test_00683,21.86982200194133
test_00684,12.372636542465505
test_00685,45.978557375517546
test_00686,71.78879067671613
test_00687,7.330919418831448
test_00688,159.5548175371045
test_00689,186.9312087280029
test_00690,353.89763265407555
test_00691,58.93938709951283
test_00692,29.76058326356999
test_00693,44.0576821027344
test_00694,6.68577145947257
test_00695,6.7895064699608305
test_00696,8.695949322589057
test_00697,14.003125188545157
test_00698,100.02807279828261
test_00699,9.906770269689428
test_00700,98.99957492179267
test_00701,233.74136341368845
test_00702,305.0975948143721
test_00703,58.696872895791884
test_00704,51.87872676908343
test_00705,45.938122420462655
test_00706,143.8555427058505
test_00707,79.07487016010019
test_00708,5.6662355638077795
test_00709,8.586872001226945
test_00710,10.62686992135264
test_00711,5.946043522022232
test_00712,19.83038476597058
test_00713,6.691382484107375
test_00714,5.901117589426265
test_00715,64.49867872028975
test_00716,116.05718818831427
test_00717,6.805530333217556
test_00718,7.015950141791479
test_00719,36.128747955883995
test_00720,50.23460728988429
test_00721,74.8690119487323
test_00722,22.24854696217148
test_00723,9.268240174135803
test_00724,19.06535447978745
test_00725,65.37410978937719
test_00726,41.78127044584629
test_00727,97.75498313644465
test_00728,17.70871654574306
test_00729,41.467506754923704
test_00730,95.19607439382452
test_00731,9.138649581801616
test_00732,8.231710583565935
test_00733,17.489506283765465
test_00734,117.43037934612119
test_00735,66.27422616686641
test_00736,53.05640393711279
test_00737,9.42156913892781
test_00738,48.29967247028479
test_00739,105.6877916452316
test_00740,85.2475178949246
test_00741,68.15289494303771
test_00742,48.76131537682284
test_00743,44.99224477105427
test_00744,146.8037805627375
test_00745,208.19945124477695
test_00746,25.945534097185657
test_00747,29.776045898561907
test_00748,99.30387922948748
test_00749,12.138503171626756
test_00750,16.61954346876062
test_00751,53.4325733764667
test_00752,21.240855791793496
test_00753,41.0941538667883
test_00754,164.9236227578349
test_00755,20.47118453902011
test_00756,29.247121023668587
test_00757,46.23946939030646
test_00758,9.244360523799923
test_00759,14.224617044360983
test_00760,46.44486716797516
test_00761,71.65781392553244
test_00762,92.46481248266878
test_00763,64.89295338585893
test_00764,35.62275343428877
test_00765,60.68887503617634
test_00766,17.94829097871633
test_00767,13.452668747235347
test_00768,13.407333149319859
test_00769,19.730395901647036
test_00770,66.8481530715029
test_00771,10.005949468451554
test_00772,78.3710426480327
test_00773,37.792220406024505
test_00774,26.229423946761834
test_00775,49.50977765562001
test_00776,98.10763513695242
test_00777,69.1707466339913
test_00778,77.39081785837305
test_00779,91.58553144232064
test_00780,56.17908853845239
test_00781,104.27537893111531
test_00782,51.63593561555348
test_00783,5.7287287512023735
test_00784,14.209788098576503
test_00785,27.542114525967104
test_00786,26.32917522945789
test_00787,8.372371812938031
test_00788,17.69119316666533
test_00789,15.07452250478331
test_00790,19.594272870148462
test_00791,47.92251781960764
test_00792,137.600297508956
test_00793,66.39858261206831
test_00794,53.34595674749554
test_00795,14.96865035666734
test_00796,5.685393825842359
test_00797,22.02404876951617
test_00798,41.76892392583326
test_00799,82.89335133521037
test_00800,78.9742870474694
test_00801,112.15580235426717
test_00802,10.71285524981279
test_00803,12.4665291421785
test_00804,21.88447234377083
test_00805,85.92649293318921
test_00806,53.4550950737581
test_00807,80.59857789906843
test_00808,59.93418963037932
test_00809,85.95198253603743
test_00810,72.48154862729386
test_00811,107.27500299819775
test_00812,65.2235342019836
test_00813,39.72136036262846
test_00814,9.445746853695589
test_00815,44.74017775608016
test_00816,14.805845195253802
test_00817,21.24123063360304
test_00818,69.73400054709276
test_00819,104.31670909863409
test_00820,42.6978079948227
test_00821,8.1445284318096
test_00822,14.143920251864188
test_00823,89.55467869248199
test_00824,146.7101745487941
test_00825,74.77822187390305
test_00826,11.286017431809917
test_00827,28.206362687398332
test_00828,14.383716017538378
test_00829,67.46815678642345
test_00830,141.02164981942903
test_00831,37.56341031625365
test_00832,35.459223475733424
test_00833,51.88873254375832
test_00834,29.547886130602013
test_00835,43.67800800447321
test_00836,62.62978408990651
test_00837,91.92450511086179
test_00838,15.193340065145394
test_00839,34.30518578414228
test_00840,45.504014373198515
test_00841,98.2584242466992
test_00842,106.03881696061974
test_00843,6.061579229914004
test_00844,19.93607040578017
test_00845,10.887735964190849
test_00846,8.962736021838042
test_00847,25.993977355561597
test_00848,52.61361076582379
test_00849,41.8503443437219
test_00850,16.136521827793956
test_00851,29.949420327288276
test_00852,50.283086429977736
test_00853,32.13613514485351
test_00854,62.91300806735544
test_00855,49.30031373808638
test_00856,4.575290397247924
test_00857,9.894835015040643
test_00858,5.010902926104629
test_00859,9.35296063215717
test_00860,16.588399916564597
test_00861,17.26292438624249
test_00862,5.540157080611387
test_00863,10.4978221543724
test_00864,11.429508258604315
test_00865,118.16733881852633
test_00866,26.47697213306238
test_00867,12.071953528384327
test_00868,47.06676692857932
test_00869,9.818357783611049
test_00870,11.057396107486072
test_00871,11.562696187090445
test_00872,18.055480881999557
test_00873,19.530606794260912
test_00874,113.61848343959434
test_00875,24.71292532213134
test_00876,39.513395855799764
test_00877,24.21726197816657
test_00878,22.659494118495942
test_00879,7.958673347980952
test_00880,9.35059679810058
test_00881,73.65961329011657
test_00882,17.311547328217536
test_00883,113.56895424788574
test_00884,16.140487563567152
test_00885,8.427779662035901
test_00886,5.8475888813715
test_00887,26.34353650665622
test_00888,95.65815408862919
test_00889,170.29422798628053
test_00890,149.65625539394148
test_00891,90.49323212533717
test_00892,41.39391685647922
test_00893,68.84728870764346
test_00894,68.01427297825002
test_00895,34.39956367802887
test_00896,145.27397090668782
test_00897,145.98631421347494
test_00898,12.218873163488553
test_00899,71.05158880534128
test_00900,158.36864118945314
test_00901,107.57942636535846
test_00902,32.63752560991651
test_00903,6.08477808301882
test_00904,15.068678839633328
test_00905,46.777423058141984
test_00906,19.716054016868778
test_00907,33.778764277195634
test_00908,5.656161279784173
test_00909,31.508264816716654
test_00910,8.976150600574027
test_00911,9.880811217071528
test_00912,61.70119583278342
test_00913,29.393446712749757
test_00914,184.10428894817784
test_00915,253.0110255788215
test_00916,180.52099821096144
test_00917,51.85675524075006
test_00918,6.328001148110836
test_00919,55.5154603667197
test_00920,220.22314462361652
test_00921,15.721411540114028
test_00922,23.26242292907012
test_00923,51.47033243290848
test_00924,31.417031585737465
test_00925,23.52135234177931
test_00926,78.95890065949001
test_00927,108.35668435857049
test_00928,179.2458642990965
test_00929,18.04635028415609
test_00930,59.155328536783735
test_00931,9.423826836638712
test_00932,8.176218089277207
test_00933,9.130395085803597
test_00934,76.21046646478936
test_00935,122.89012943704004
test_00936,245.94303552376653
test_00937,9.821826631157279
test_00938,71.02554264172485
test_00939,96.31018903388696
test_00940,7.141728664002267
test_00941,12.868075128064406
test_00942,60.62282406916697
test_00943,182.27138759466993
test_00944,135.95371217727603
test_00945,22.303037510127258
test_00946,56.36948562279157
test_00947,147.1300640629513
test_00948,10.864343752489871
test_00949,26.17209338328056
test_00950,71.96980539010991
test_00951,200.76881515624052
test_00952,81.36447080612416
test_00953,11.3781328599614
test_00954,7.585525227277172
test_00955,93.64992717599625
test_00956,145.50861232603842
test_00957,226.15303903245203
test_00958,210.23047653013316
test_00959,373.1088082214112
test_00960,400.9037419228472
test_00961,8.173760569050641
test_00962,44.88311994637579
test_00963,199.29119191676733
test_00964,199.68397880081267
test_00965,10.975163822282422
test_00966,80.14979358929781
test_00967,11.430017318519074
test_00968,67.64522830736342
test_00969,134.02203857607833
test_00970,212.01028993061908
test_00971,13.55504629736688
test_00972,137.53604464921818
test_00973,83.1166450995
test_00974,220.71275759726302
test_00975,167.94707476304436
test_00976,224.56644522740294
test_00977,21.52910911810359
test_00978,10.765825047251296
test_00979,7.526047624064964
test_00980,13.72830465823817
test_00981,22.198011855801926
test_00982,12.98221029027858
test_00983,27.422403061845554
test_00984,107.8478146968708
test_00985,124.23710756953697
test_00986,132.3077622603148
test_00987,45.722010707144115
test_00988,5.74505800940509
test_00989,58.900608491422844
test_00990,9.337703860300952
test_00991,32.9044918414576
test_00992,45.19605534970272
test_00993,141.7284099083854
test_00994,205.32403422038033
test_00995,7.668944077214851
test_00996,302.4859554722416
test_00997,8.051263567888698
test_00998,6.412983837487147
test_00999,67.04767754528902
test_01000,6.216136492225902
test_01001,74.83200710308734
test_01002,110.99413899376856
test_01003,249.75738876841882
test_01004,9.055480900953679
test_01005,8.95942190552762
test_01006,78.51993107692232
test_01007,8.94692789105149
test_01008,6.996018683435105
test_01009,8.215803663556901
test_01010,67.80059333357764
test_01011,90.01296306029427
test_01012,57.94289963277556
test_01013,220.72731986826565
test_01014,246.34787990629206
test_01015,5.8708528260149615
test_01016,57.178846054751055
test_01017,120.51490718634281
test_01018,6.077501982104448
test_01019,30.09962460939179
test_01020,91.9979194959879
test_01021,9.139210549716458
test_01022,15.50142424295054
test_01023,12.337160586415608
test_01024,24.193259954399352
test_01025,75.26741099727197
test_01026,6.732980954518171
test_01027,202.61653347008502
test_01028,139.224179579679
test_01029,371.8643429541154
test_01030,60.87433260279753
test_01031,50.201885909871194
test_01032,106.9252589675265
test_01033,8.353436846454622
test_01034,6.738592414722003
test_01035,9.335622275337842
test_01036,23.217217307698192
test_01037,122.71044880419313
test_01038,10.388607192461533
test_01039,126.34617059925351
test_01040,296.14483360585143
test_01041,301.9657377019472
test_01042,60.93334849979679
test_01043,45.08822378408877
test_01044,55.002411973077315
test_01045,136.33592496002396
test_01046,54.640631322418315
test_01047,12.251688326088454
test_01048,44.361935041966206
test_01049,10.049146531913935
test_01050,50.48325035643464
test_01051,10.57175093924608
test_01052,10.300601505353919
test_01053,121.51206985207207
test_01054,68.67674812336996
test_01055,6.2251981947911545
test_01056,7.919770221799368
test_01057,73.47547149266624
test_01058,107.57366005375476
test_01059,110.5813600541783
test_01060,26.277687063951767
test_01061,14.00082078481796
test_01062,56.850344628466814
test_01063,67.96238463398777
test_01064,43.95291547130895
test_01065,96.49879847867604
test_01066,62.83706755204549
test_01067,39.567023084111256
test_01068,102.14637762844357
test_01069,9.10641587325598
test_01070,14.957720662234863
test_01071,28.08950414579286
test_01072,83.00582510346513
test_01073,90.94426538873654
test_01074,60.01687131179207
test_01075,26.52040254805536
test_01076,74.26573913049674
test_01077,73.46670171056718
test_01078,91.84581946079723
test_01079,99.30384722082967
test_01080,62.33228397780116
test_01081,216.64715828642113
test_01082,29.910394665927612
test_01083,16.94612106853784
test_01084,60.16392636889976
test_01085,48.631965727447984
test_01086,39.564000518250396
test_01087,68.63265431492202
test_01088,24.49385017958384
test_01089,58.983394992879
test_01090,167.04748467070974
test_01091,33.05552089015173
test_01092,38.66735602720051
test_01093,66.42300363132202
test_01094,56.552054444364714
test_01095,44.68098401077444
test_01096,51.40646365415933
test_01097,89.58279206828318
test_01098,134.05672640475981
test_01099,86.21949895966448
test_01100,71.57105272752969
test_01101,86.80649174398297
test_01102,55.22268311606935
test_01103,9.935935734255203
test_01104,21.70331407145285
test_01105,86.43326503893178
test_01106,49.64984076258319
test_01107,15.470293421372793
test_01108,103.65558219406014
test_01109,39.91952329784007
test_01110,45.904904605094515
test_01111,48.33005041676021
test_01112,73.21195559983114
test_01113,128.7671163041412
test_01114,91.16344753802909
test_01115,190.5413043299743
test_01116,53.83037537220679
test_01117,12.71191268877333
test_01118,64.64976326609407
test_01119,55.444171733075635
test_01120,58.29396067602832
test_01121,15.34357039914624
test_01122,37.96448843785468
test_01123,31.196022518427302
test_01124,39.19917377313497
test_01125,113.92566740546556
test_01126,88.42428039233701
test_01127,169.5005507387703
test_01128,62.685627804014004
test_01129,123.76642114491253
test_01130,6.4261368851724265
test_01131,20.623593582690752
test_01132,33.469994129246196
test_01133,80.2637181263403
test_01134,107.78407890091117
test_01135,121.22859568764358
test_01136,69.66094077304183
test_01137,31.557255162166406
test_01138,44.66961743882928
test_01139,135.07995531082105
test_01140,43.47543339885948
test_01141,91.15133095135364
test_01142,91.77370116881421
test_01143,84.24730901890048
test_01144,92.11527775428641
test_01145,154.14607605904456
test_01146,116.64041701624585
test_01147,22.59975448286929
test_01148,29.437807648770008
test_01149,31.973522647939582
test_01150,34.86915352997381
test_01151,99.86981886124384
test_01152,106.93055594022036
test_01153,96.53641681911887
test_01154,9.126311176886905
test_01155,31.951274969429782
test_01156,67.6244494323246
test_01157,30.08003955393052
test_01158,49.04225650082971
test_01159,121.35242982866981
test_01160,45.379964196412104
test_01161,68.91446293822025
test_01162,173.92448925059023
test_01163,86.12480720825424
test_01164,104.45048090886227
test_01165,74.42077773948279
test_01166,130.82412634883713
test_01167,22.751664318068567
test_01168,54.67015872519426
test_01169,46.70700954439665
test_01170,77.76117243671325
test_01171,92.05042419297692
test_01172,42.98939275479238
test_01173,34.0521045313825
test_01174,15.276636013868707
test_01175,9.962981944932807
test_01176,30.959358213590544
test_01177,94.32703440702004
test_01178,70.43004086238312
test_01179,28.902804674020107
test_01180,69.07082926838235
test_01181,67.94930567986451
test_01182,41.709203928458194
test_01183,90.79961649954633
test_01184,121.82713924780866
test_01185,10.763471799514283
test_01186,28.272826808449224
test_01187,11.709216387433461
test_01188,20.38490890534008
test_01189,31.60485209819786
test_01190,22.546791039978782
test_01191,6.807095873010012
test_01192,13.895045297356612
test_01193,16.1132489552254
test_01194,136.2852262070469
test_01195,33.571054169259725
test_01196,13.130829034710484
test_01197,46.864787416033856
test_01198,16.60614261712895
test_01199,11.15943095788869
test_01200,14.48704702819571
test_01201,34.50672761209113
test_01202,26.913817573514944
test_01203,68.54990931565293
test_01204,64.44924895789765
test_01205,159.4373172103325
test_01206,30.600824032960386
test_01207,34.052670054601954
test_01208,15.535983710257426
test_01209,29.519371537133956
test_01210,50.27869244753164
test_01211,89.02652517767571
test_01212,113.16299596698033
test_01213,33.72316862421735
test_01214,190.31285487372128
test_01215,42.778992213185745
test_01216,11.723293544018587
test_01217,9.31385748724369
test_01218,43.941722965644196
test_01219,97.75399688609279
test_01220,227.602031339502
test_01221,185.46686907011994
test_01222,110.01191762879533
test_01223,65.10489530388675
test_01224,55.58905784813373
test_01225,51.56900850335838
test_01226,20.328891037707965
test_01227,51.078120924285955
test_01228,170.6568524387389
test_01229,49.936693388983684
test_01230,128.1487856813078
test_01231,304.3090807946688
test_01232,133.9199963804557
test_01233,103.61214114938505
test_01234,63.304954783544375
test_01235,209.88223397740958
test_01236,60.76770560828666
test_01237,46.753000178877954
test_01238,9.928281090205884
test_01239,18.4531749208664
test_01240,51.90569166657322
test_01241,129.86899724312195
test_01242,7.17921602724851
test_01243,5.922989942588572
test_01244,29.746398860926618
test_01245,9.436788410547711
test_01246,10.508890321894206
test_01247,75.02328368673788
test_01248,160.37352813801192
test_01249,299.90402179739925
test_01250,251.18346460990753
test_01251,118.95076652501415
test_01252,116.89092841206303
test_01253,12.32187419111327
test_01254,96.97164356882163
test_01255,199.06406884811173
test_01256,112.10180784784609
test_01257,65.43105461689822
test_01258,55.07453450402886
test_01259,19.131202972031442
test_01260,16.656366145275236
test_01261,90.05531167946457
test_01262,68.01386873081256
test_01263,194.42007450920806
test_01264,26.05911071654269
test_01265,78.81214844103525
test_01266,10.282047757479795
test_01267,6.8655057441585665
test_01268,24.69828390143916
test_01269,96.38331226658337
test_01270,214.49914296227962
test_01271,301.69572482245695
test_01272,21.064209765863666
test_01273,129.54135104436008
test_01274,153.8717669198252
test_01275,7.758809530845806
test_01276,123.80931586380487
test_01277,186.70595445007314
test_01278,545.7723220759236
test_01279,71.59731093022586
test_01280,42.15956988647879
test_01281,118.19369509508095
test_01282,226.30187776277322
test_01283,9.4536144080332
test_01284,17.047289609632355
test_01285,208.17834880415927
test_01286,236.22009612927818
test_01287,10.249158041506716
test_01288,13.152416906440266
test_01289,8.274736160650804
test_01290,110.2088063703466
test_01291,289.6519032171454
test_01292,215.70621744023092
test_01293,240.68406668521945
test_01294,410.9442672039753
test_01295,496.70379560719465
test_01296,16.23497118866893
test_01297,97.00999342287183
test_01298,151.91203658333166
test_01299,185.09158835761295
test_01300,10.514949550870487
test_01301,144.5662770153583
test_01302,16.106511349597
test_01303,402.4399310319068
test_01304,369.1999134267416
test_01305,387.4107493791394
test_01306,79.66018921864966
test_01307,352.528725965115
test_01308,347.913211191255
test_01309,273.3658870121611
test_01310,177.66635765085599
test_01311,149.47757688349532
test_01312,22.86364766809362
test_01313,14.869302341603278
test_01314,7.302424155784545
test_01315,45.997935323974914
test_01316,87.0866562379743
test_01317,11.420740459739989
test_01318,34.14525055246246
test_01319,92.58611408244793
test_01320,139.47876478044338
test_01321,181.96511024143882
test_01322,54.66122785701444
test_01323,8.246167877168906
test_01324,78.3158009169431
test_01325,15.859312052535952
test_01326,30.88879605199567
test_01327,99.67008678743039
test_01328,196.1765230163735
test_01329,303.5321818027495
test_01330,10.748689808365203
test_01331,487.71269881407005
test_01332,10.482110593324492
test_01333,11.905314030023018
test_01334,78.59239886391441
test_01335,7.161405767139931
test_01336,94.5458770905581
test_01337,314.9103220670978
test_01338,7.856119053353909
test_01339,8.053938216013195
test_01340,63.27865813272426
test_01341,14.630465970778216
test_01342,11.384510895479751
test_01343,13.837295359396808
test_01344,137.74302988911367
test_01345,163.19403446168943
test_01346,208.2545191289419
test_01347,267.45493619826425
test_01348,261.14715460057965
test_01349,6.744002151034906
test_01350,95.57937601473485
test_01351,163.2257776669869
test_01352,7.304827575149675
test_01353,46.85154523169052
test_01354,99.48745792969359
test_01355,12.769498517850213
test_01356,18.00668431314931
test_01357,10.79674105569348
test_01358,23.360379281696705
test_01359,105.7146801549207
test_01360,7.772035332220333
test_01361,176.3516915839764
test_01362,147.79634792890633
test_01363,369.8320377410929
test_01364,69.06415106206084
test_01365,53.77995545402777
test_01366,89.48927325506907
test_01367,6.9158020065779
test_01368,7.083571444166869
test_01369,8.294648623991153
test_01370,19.145683911883726
test_01371,113.986334642343
test_01372,10.199192450529287
test_01373,108.95903774871974
test_01374,280.6428841726582
test_01375,314.26668011959737
test_01376,66.35577407824772
test_01377,45.623420963797116
test_01378,51.183471411080944
test_01379,130.14085378813877
test_01380,60.67462382564273
test_01381,11.583938780794604
test_01382,35.879889336112015
test_01383,41.76623554133282
test_01384,10.88041726105147
test_01385,46.666886211091075
test_01386,9.439805192229077
test_01387,9.198773705678743
test_01388,127.5162898620994
test_01389,75.31373164594649
test_01390,6.182588711643786
test_01391,10.732761300502696
test_01392,60.60289933809846
test_01393,107.77193399912512
test_01394,115.6113525317567
test_01395,27.101505879914335
test_01396,10.744187404977296
test_01397,59.294989437550015
test_01398,67.18598657698485
test_01399,85.79291614913087
test_01400,75.62638990454167
test_01401,42.36562836121498
test_01402,91.73604385311182
test_01403,13.17017798788748
test_01404,17.052249804074222
test_01405,32.40971817268823
test_01406,81.28622477795632
test_01407,83.56638954408447
test_01408,53.56155898626347
test_01409,20.869412588245297
test_01410,57.04754738434049
test_01411,62.91394540096882
test_01412,70.16303550588344
test_01413,86.16945739242831
test_01414,118.28115344756613
test_01415,58.58541784438749
test_01416,195.92536172320592
test_01417,205.84847318853087
test_01418,26.724292728895954
test_01419,26.712736210254246
test_01420,59.958166477954094
test_01421,18.662453856432386
test_01422,30.05379497935824
test_01423,59.70359713378141
test_01424,26.441020147875896
test_01425,50.51373283915646
test_01426,176.75819447421625
test_01427,25.74002077667309
test_01428,28.834199719491256
test_01429,67.37734159725767
test_01430,50.08375020865667
test_01431,39.85755755981165
test_01432,49.35295166845357
test_01433,89.50456839271101
test_01434,96.48631553808372
test_01435,89.36961517554602
test_01436,67.74098393245745
test_01437,87.26883274987296
test_01438,56.77040248190565
test_01439,15.808562596261192
test_01440,16.664691819920762
test_01441,66.11935673481459
test_01442,39.37267123399668
test_01443,8.459827773569875
test_01444,99.57935490980502
test_01445,42.110838672100925
test_01446,49.1429919193097
test_01447,53.61687026010601
test_01448,75.13736559552369
test_01449,78.0293896853739
test_01450,80.17110664999647
test_01451,131.07551134452035
test_01452,97.51500496032347
test_01453,202.4862030110077
test_01454,51.929710892498505
test_01455,11.098088004351403
test_01456,63.36682654488705
test_01457,40.71136897326714
test_01458,63.97952942227274
test_01459,17.22787592250558
test_01460,35.771147923114945
test_01461,32.734943029918654
test_01462,38.34212183321766
test_01463,116.60338324193589
test_01464,99.02032558546139
test_01465,170.0794806075448
test_01466,72.07149119522434
test_01467,102.01846661151026
test_01468,6.75303937091555
test_01469,18.570379808558094
test_01470,33.70823371684262
test_01471,80.13501571961118
test_01472,108.52451590673597
test_01473,122.46233744284734
test_01474,70.99118645037781
test_01475,27.12673163889888
test_01476,36.08952558434311
test_01477,124.75855081389487
test_01478,43.50340256198972
test_01479,89.19619489587319
test_01480,107.81948648072007
test_01481,65.38793772307152
test_01482,70.17796256867337
test_01483,127.35922962407894
test_01484,103.2305715214487
test_01485,83.66348111034051
test_01486,20.024760706123622
test_01487,48.54588546402515
test_01488,43.00650634656548
test_01489,36.727132386970766
test_01490,109.8875586324758
test_01491,132.3200890604577
test_01492,81.01984453840151
test_01493,12.426659190649023
test_01494,52.63593906846341
test_01495,124.45426869214543
test_01496,34.191001161300186
test_01497,41.94584987374407
test_01498,16.086933382709375
test_01499,119.47763506486363
test_01500,136.27535126870615
test_01501,53.178763824654816
test_01502,70.72446430989042
test_01503,142.59060913100137
test_01504,72.52236597316059
test_01505,93.62551399054665
test_01506,72.9878569016229
test_01507,110.67923790781828
test_01508,22.463875790892217
test_01509,50.400900054947556
test_01510,51.98375397657754
test_01511,76.31152074192892
test_01512,95.69812399507664
test_01513,45.64219339583151
test_01514,30.5320278990284
test_01515,15.301473185952226
test_01516,9.04875759064256
test_01517,25.904367147344068
test_01518,90.31217403645141
test_01519,66.3361563151874
test_01520,27.954405778389543
test_01521,61.492884006407614
test_01522,68.21643243808734
test_01523,36.48399677488368
test_01524,110.97376315252481
test_01525,124.49685736265238
test_01526,8.429864075302769
test_01527,27.875134212082475
test_01528,9.047863989853115
test_01529,20.173543785924483
test_01530,27.840543954027595
test_01531,22.52991990787281
test_01532,9.824124183999762
test_01533,18.535179299192507
test_01534,21.65613908716441
test_01535,145.7692016180662
test_01536,29.756597336968273
test_01537,22.810818268244837
test_01538,52.18748553065224
test_01539,16.392346448179126
test_01540,10.225222886173094
test_01541,11.419340704015774
test_01542,38.78371361455093
test_01543,37.37827122183364
test_01544,76.1474624567411
test_01545,48.78695166968981
test_01546,150.4370668941316
test_01547,36.72900827970874
test_01548,31.23921532383566
test_01549,11.592686420534655
test_01550,25.019570303061723
test_01551,49.436133663580335
test_01552,95.01658134278141
test_01553,78.86541969658114
test_01554,34.47001844991491
test_01555,182.1327609777349
test_01556,29.520523286739838
test_01557,10.64178777259891
test_01558,12.854432110431084
test_01559,40.48343719941465
test_01560,101.41087524750822
test_01561,200.57048445713906
test_01562,172.11607661018286
test_01563,98.08824447948632
test_01564,39.52969343982843
test_01565,65.51522639005596
test_01566,53.59811560201599
test_01567,51.7323677423242
test_01568,16.114587579912595
test_01569,45.59361263282784
test_01570,164.46692669921563
test_01571,53.82458814960347
test_01572,118.86515398603429
test_01573,249.65819228415108
test_01574,259.3656230625772
test_01575,130.23737153800403
test_01576,117.02514553247485
test_01577,73.90296706468703
test_01578,231.72961098870064
test_01579,64.79397144500122
test_01580,42.80484212700018
test_01581,9.21388079124495
test_01582,20.160134932520876
test_01583,77.63897163670613
test_01584,113.49491545655206
test_01585,11.192716071646588
test_01586,52.90410398145737
test_01587,6.423724265510992
test_01588,29.19313996384005
test_01589,9.410122968439362
test_01590,8.939791796719671
test_01591,73.40612432977946
test_01592,140.14194356030342
test_01593,254.88918084007526
test_01594,224.0424201758992
test_01595,119.75860675362189
test_01596,122.67222600315516
test_01597,12.90798672535102
test_01598,97.26644477217317
test_01599,216.5100397977653
test_01600,136.7884202401815
test_01601,76.16573430354278
test_01602,62.83193143168406
test_01603,23.367299853731748
test_01604,14.215872140063965
test_01605,80.05594630909765
test_01606,68.43844272495153
test_01607,194.3375939491009
test_01608,34.03908994142236
test_01609,74.70065776012879
test_01610,9.863890110280867
test_01611,6.083275606741274
test_01612,17.07840273281136
test_01613,100.88761208620572
test_01614,211.56487506969125
test_01615,310.33599763607594
test_01616,22.53453646614296
test_01617,96.86454929561273
test_01618,139.5179086028175
test_01619,6.872227588175394
test_01620,134.0642151532189
test_01621,152.56461976903034
test_01622,489.3771000135719
test_01623,93.07478008697515
test_01624,35.7422975160433
test_01625,121.22341517569451
test_01626,198.74982509729656
test_01627,9.071653842052573
test_01628,21.30320263394362
test_01629,147.23860173122583
test_01630,229.1355763510503
test_01631,9.82657934560011
test_01632,14.515616501277366
test_01633,10.056470707098581
test_01634,100.83846329387536
test_01635,273.14712617935913
test_01636,226.45890996434895
test_01637,204.33564091029407
test_01638,420.3518040074936
test_01639,503.7118109154411
test_01640,16.826318408862683
test_01641,84.74011127000583
test_01642,171.4607762896279
test_01643,176.47676312950662
test_01644,14.734632608077641
test_01645,149.27164068075598
test_01646,13.754524670521796
test_01647,328.36766981626056
test_01648,251.4852331002634
test_01649,429.0613418967897
test_01650,129.03828963393346
test_01651,279.1179022230046
test_01652,261.99500689080764
test_01653,175.91438760657888
test_01654,179.07045267902367
test_01655,27.092907573045544
test_01656,11.077645204344288
test_01657,7.416950635896654
test_01658,52.51689735265329
test_01659,92.83478305502611
test_01660,12.264247822578547
test_01661,32.64281236148031
test_01662,89.17134695049963
test_01663,123.08895426799918
test_01664,175.98411377340437
test_01665,48.17629893374625
test_01666,6.982314317639202
test_01667,69.27264712711228
test_01668,10.632025411686692
test_01669,20.774378638335143
test_01670,81.54258209240355
test_01671,166.35656358373677
test_01672,274.4846770292529
test_01673,7.500454483369157
test_01674,515.9527304895262
test_01675,11.359456959080351
test_01676,9.49777806342788
test_01677,72.06561079974874
test_01678,7.3380934307916466
test_01679,63.06299196491116
test_01680,95.8982830490781
test_01681,7.298709671609146
test_01682,7.146054990959829
test_01683,58.29164623234824
test_01684,10.272377019511621
test_01685,7.881809166657413
test_01686,10.371115071062476
test_01687,132.98623606973902
test_01688,149.31819738368384
test_01689,160.72822150340778
test_01690,246.49450979484234
test_01691,267.69619747899327
test_01692,5.949630441152154
test_01693,88.91401665733714
test_01694,149.6916624841464
test_01695,6.107485139743481
test_01696,44.707687927783056
test_01697,92.20640803365335
test_01698,15.713154322386035
test_01699,28.077821522830373
test_01700,9.543252445176318
test_01701,23.449988278788094
test_01702,72.28845290975018
test_01703,8.661850005265531
test_01704,168.6594135879764
test_01705,191.99873395084325
test_01706,344.8639541108899
test_01707,76.03701481494184
test_01708,55.9922653907203
test_01709,66.82525601302804
test_01710,7.7275189957559105
test_01711,7.781120083052047
test_01712,7.635180663110786
test_01713,18.60387216222911
test_01714,102.39756775010306
test_01715,8.444813260899174
test_01716,116.20103772228717
test_01717,271.6415456591407
test_01718,338.87020889281894
test_01719,89.40310489303403
test_01720,53.33018692744723
test_01721,54.53561712515491
test_01722,124.52674929823986
test_01723,62.83312526517234
test_01724,7.6997955413948205
test_01725,39.75815576640281
test_01726,53.73359019301403
test_01727,11.015993077328412
test_01728,58.932128441300904
test_01729,8.998318627414939
test_01730,10.276014734547056
test_01731,96.4434780243896
test_01732,77.82976671940821
test_01733,6.919816683520718
test_01734,11.194389290931783
test_01735,68.70838742159819
test_01736,115.12019671532494
test_01737,75.81922293938891
test_01738,21.511635525339365
test_01739,15.914675751444776
test_01740,56.54895615893835
test_01741,63.609408022219085
test_01742,46.63239444567627
test_01743,116.49126145596426
test_01744,81.44735291922076
test_01745,69.51460032315862
test_01746,95.19301373262623
test_01747,17.615493306197777
test_01748,31.847123444617303
test_01749,34.18941868471996
test_01750,82.3197267153663
test_01751,86.41020141432854
test_01752,26.75214843332552
test_01753,13.42523338890191
test_01754,57.35453836512318
test_01755,60.61773102014527
test_01756,73.2016650608736
test_01757,79.7497032754251
test_01758,71.74921129278476
test_01759,47.688355394192044
test_01760,214.606629733641
test_01761,210.35035828944248
test_01762,17.315932978995054
test_01763,13.512242990194899
test_01764,25.864607385180182
test_01765,49.0569727059149
test_01766,12.943691818995802
test_01767,25.513497794715587
test_01768,59.7632994109781
test_01769,28.228169919112545
test_01770,54.68616273134931
test_01771,198.20437661508151
test_01772,29.460950345178247
test_01773,38.0418834650113
test_01774,65.07361610226715
test_01775,68.29852378783028
test_01776,39.80923168871495
test_01777,54.82773435712426
test_01778,94.15602560095226
test_01779,105.54670931515616
test_01780,90.48909171746075
test_01781,45.325755529210696
test_01782,84.46580900919014
test_01783,33.015297072489375
test_01784,10.19822997376051
test_01785,14.30182653629767
test_01786,55.09908190759764
test_01787,18.46064953158035
test_01788,91.41577000152917
test_01789,42.272582436635616
test_01790,42.67752233070648
test_01791,69.272488702262
test_01792,65.15493358223108
test_01793,70.95700415244757
test_01794,117.6225869793063
test_01795,94.98351446143657
test_01796,248.73379767334947
test_01797,51.22581920103888
test_01798,10.839293144896702
test_01799,50.70728105842493
test_01800,30.104723313162676
test_01801,56.263768259891954
test_01802,9.04550339339879
test_01803,35.16169975507643
test_01804,27.29619023813874
test_01805,36.18772749785405
test_01806,92.85527204488267
test_01807,110.20711285069524
test_01808,125.58430246516525
test_01809,83.41621142249888
test_01810,34.5056170080304
test_01811,7.757525175612353
test_01812,17.3218395621961
test_01813,40.86729788643645
test_01814,93.75423853001539
test_01815,103.5481815047394
test_01816,118.67773875612983
test_01817,53.63947341429949
test_01818,27.180480725916816
test_01819,43.52912204789583
test_01820,123.0647488817907
test_01821,51.714630460035195
test_01822,102.24118889350567
test_01823,90.9700234807878
test_01824,62.96219280355883
test_01825,105.25695883999333
test_01826,114.05471642418306
test_01827,88.26759092970302
test_01828,71.27030060757912
test_01829,18.499615158247977
test_01830,48.785427049959594
test_01831,28.198808220435225
test_01832,31.043893266721888
test_01833,82.08888440255438
test_01834,118.90912711658825
test_01835,65.69142367515069
test_01836,6.676321172571778
test_01837,25.576222041518857
test_01838,53.61106761813223
test_01839,139.22063622443181
test_01840,139.1046133789592
test_01841,36.65031750034723
test_01842,38.86568427356135
test_01843,18.717564433651724
test_01844,93.77433057820915
test_01845,126.64532791941699
test_01846,47.20133365504879
test_01847,76.5036285831015
test_01848,69.34796172208387
test_01849,26.533700930817957
test_01850,40.559350545104664
test_01851,74.60963883989729
test_01852,96.89866220461886
test_01853,20.822752206938095
test_01854,40.95091618036279
test_01855,48.89350719673099
test_01856,71.11838767728037
test_01857,110.67476195917207
test_01858,55.56253621948865
test_01859,36.60278214478402
test_01860,16.4131042527207
test_01861,10.073353550451925
test_01862,27.882458241756346
test_01863,81.18786060716704
test_01864,68.66927864590025
test_01865,25.394908576751057
test_01866,60.430034186504614
test_01867,73.02252677658849
test_01868,47.307886966251054
test_01869,106.26000752607737
test_01870,95.48910270371235
test_01871,5.984156446800586
test_01872,9.62465557163309
test_01873,10.322726173663877
test_01874,14.14140755775194
test_01875,29.204925024643103
test_01876,15.493511192128107
test_01877,6.27925497937541
test_01878,22.58154131686258
test_01879,15.830891201498435
test_01880,151.94902661515823
test_01881,16.72488321268895
test_01882,52.44965119349317
test_01883,11.961052119044925
test_01884,8.702449602803426
test_01885,10.961555023977786
test_01886,27.89281445894715
test_01887,39.55047915432925
test_01888,93.62212688774692
test_01889,46.739387020367104
test_01890,169.95723174169513
test_01891,78.1136955462371
test_01892,29.880376692044845
test_01893,14.354151956465941
test_01894,23.125496746670805
test_01895,91.10675405272868
test_01896,96.80628473310944
test_01897,86.92791526196301
test_01898,209.26168858045557
test_01899,33.149883679478855
test_01900,12.856093072187011
test_01901,10.378472697708979
test_01902,200.58564631899895
test_01903,202.7587858900814
test_01904,105.24237333743395
test_01905,39.252917484132055
test_01906,63.1856237035381
test_01907,65.39190585472973
test_01908,47.07393747251396
test_01909,29.908900121204447
test_01910,74.82454885533375
test_01911,163.87618792209736
test_01912,74.75002081888212
test_01913,128.19939242490653
test_01914,210.088577747684
test_01915,267.1279692773991
test_01916,150.3265600928788
test_01917,99.5067611716101
test_01918,71.3165824020622
test_01919,202.198197627402
test_01920,97.02491782548523
test_01921,52.97849162148489
test_01922,18.027275814267924
test_01923,21.344386064965597
test_01924,37.36142155699412
test_01925,99.67839160527352
test_01926,11.374009411930489
test_01927,40.13046192156594
test_01928,7.123539246964466
test_01929,30.838294100720365
test_01930,10.936353747679942
test_01931,9.657600994488135
test_01932,78.14499047313726
test_01933,145.04744217714642
test_01934,305.32559957081264
test_01935,229.7140578324773
test_01936,112.44361633398475
test_01937,119.99542946403325
test_01938,10.095518676249377
test_01939,99.29976372012612
test_01940,217.10983944291337
test_01941,60.68916748351286
test_01942,76.42306900254069
test_01943,54.85471049099865
test_01944,18.988118740367575
test_01945,19.586872307717353
test_01946,78.48318966706378
test_01947,79.13988416406535
test_01948,171.99659178023126
test_01949,22.90547280800628
test_01950,68.16141637128293
test_01951,9.858643624709188
test_01952,6.598637228578007
test_01953,10.988999460684255
test_01954,90.59590834765748
test_01955,188.03707340035515
test_01956,451.74011976583927
test_01957,18.896967861226553
test_01958,123.42307462479968
test_01959,143.62454134865754
test_01960,13.813946436048454
test_01961,73.54060264976387
test_01962,95.98938719910913
test_01963,377.9646470774355
test_01964,148.8924347989913
test_01965,40.330894106912986
test_01966,81.4808647676472
test_01967,201.03424357330135
test_01968,8.11238473860479
test_01969,22.376808001742674
test_01970,121.75507666631083
test_01971,240.18786555414283
test_01972,11.860904295170473
test_01973,6.8505207614619685
test_01974,102.96007176800063
test_01975,180.76338988726184
test_01976,264.8157014879481
test_01977,206.10320952970656
test_01978,509.63496191977106
test_01979,462.511003601452
test_01980,11.331001508413598
test_01981,99.03348649887884
test_01982,164.9033787709505
test_01983,172.0394977721972
test_01984,14.381337617000797
test_01985,168.66191733217502
test_01986,11.224528153193363
test_01987,82.13734737113786
test_01988,200.55513717929898
test_01989,425.86901812405415
test_01990,20.064445828300222
test_01991,202.229215352646
test_01992,369.1882144146107
test_01993,256.4923301908347
test_01994,174.3360581353287
test_01995,243.56027362572493
test_01996,23.704222990204666
test_01997,16.17857775516201
test_01998,8.2353118830619
test_01999,55.196091468329286
test_02000,103.95551970007568
test_02001,9.832332352792536
test_02002,29.358371810972706
test_02003,97.12310862497775
test_02004,127.84510292290133
test_02005,176.20043620807294
test_02006,66.61227252866915
test_02007,6.411020083883895
test_02008,72.93162361369035
test_02009,15.098420244225647
test_02010,22.312987951935437
test_02011,45.01909894828457
test_02012,137.86535491109504
test_02013,238.68848582101867
test_02014,6.732725871597194
test_02015,484.95548307897957
test_02016,9.472581663049159
test_02017,11.982004550586437
test_02018,92.82014216691624
test_02019,10.172429969390222
test_02020,68.0212810334833
test_02021,113.23834559079921
test_02022,302.88464626625336
test_02023,6.5586253329451445
test_02024,11.788475070694572
test_02025,69.58410563990593
test_02026,11.076990088781894
test_02027,7.812380997105757
test_02028,9.901385900586464
test_02029,162.03289402794212
test_02030,157.62167938426356
test_02031,130.32807458964822
test_02032,224.07264053986185
test_02033,275.554360885561
test_02034,8.486772724338817
test_02035,78.85409795893234
test_02036,147.39815680017813
test_02037,8.68359133945019
test_02038,53.20899606827721
test_02039,103.74944279414197
test_02040,16.672605226382274
test_02041,26.006203308003705
test_02042,10.422265858332949
test_02043,29.666429010185304
test_02044,81.45410644015388
test_02045,6.251976751250094
test_02046,136.2274750625417
test_02047,137.38297656032822
test_02048,326.9936761430651
test_02049,60.006915132833186
test_02050,30.330293495942087
test_02051,96.86039931445502
test_02052,9.380062487125752
test_02053,8.150265133339463
test_02054,7.5503516731188505
test_02055,21.39111449217617
test_02056,89.99418255231825
test_02057,7.230559654425595
test_02058,79.56044225439555
test_02059,221.52178974698955
test_02060,270.0754841885349
test_02061,34.98832852357882
test_02062,52.821005318467364
test_02063,34.155855859617986
test_02064,123.42479879481925
test_02065,61.49107332889951
test_02066,6.989407049551004
test_02067,28.033899493067988
test_02068,18.843699032114024
test_02069,6.327660011885291
test_02070,26.559720211991127
test_02071,7.669309678699973
test_02072,6.289101417286782
test_02073,56.59317279287139
test_02074,77.61664339038362
test_02075,7.108530725912916
test_02076,10.954594524785492
test_02077,87.08618597637948
test_02078,92.07280190461017
test_02079,10.074460386954414
test_02080,8.004647055572066
test_02081,48.18383460254337
test_02082,55.24055334818335
test_02083,39.2137599231381
test_02084,72.34864394158193
test_02085,37.9000560718132
test_02086,42.90766119181034
test_02087,86.21439381361097
test_02088,12.466423491871176
test_02089,12.334585038897167
test_02090,22.49150277817487
test_02091,52.09164950783382
test_02092,70.9627509670549
test_02093,41.03316377256489
test_02094,14.84759290068287
test_02095,33.65725355490055
test_02096,60.96777318754728
test_02097,66.62973887192791
test_02098,59.36914215737071
test_02099,64.82267278979667
test_02100,37.338846802204976
test_02101,134.39814329275868
test_02102,175.5396739339097
test_02103,30.792036598396756
test_02104,9.724400883181934
test_02105,65.71018120335914
test_02106,50.41299322482941
test_02107,29.9470130069438
test_02108,33.6924381012009
test_02109,50.75096071929525
test_02110,22.04380085185364
test_02111,78.09717472333591
test_02112,117.96066483540963
test_02113,16.768290450710005
test_02114,29.686648567071536
test_02115,66.94685650462495
test_02116,11.447455621438108
test_02117,21.21202897998333
test_02118,59.75641348528216
test_02119,101.41876289580144
test_02120,78.77053228308827
test_02121,52.39277761632519
test_02122,35.546030028748724
test_02123,58.57928333516826
test_02124,15.934957143748992
test_02125,9.455893374958752
test_02126,18.12442564879836
test_02127,73.23174609457716
test_02128,55.36036164162064
test_02129,14.570211038091042
test_02130,67.44919365980508
test_02131,35.24280006242016
test_02132,36.9865947174413
test_02133,51.989203231244005
test_02134,57.46118489763387
test_02135,81.5602653296801
test_02136,59.466341298369755
test_02137,63.55391561773134
test_02138,74.82722834395688
test_02139,81.85345880496934
test_02140,45.37565309704897
test_02141,6.333115155629548
test_02142,62.11975232241613
test_02143,18.643746000229207
test_02144,38.90261683304749
test_02145,11.213489151204556
test_02146,14.57505580472862
test_02147,21.170222766477067
test_02148,20.845236384893262
test_02149,58.070421953722644
test_02150,83.82235100289125
test_02151,119.09468245580165
test_02152,42.024995360291456
test_02153,39.17890199136762
test_02154,6.52257494907724
test_02155,18.056437380464974
test_02156,63.92024283528137
test_02157,67.86738690134595
test_02158,51.05098111976154
test_02159,104.4199186793685
test_02160,35.454841731519
test_02161,11.775410976939877
test_02162,43.28548746724463
test_02163,69.51953281222185
test_02164,36.09273116273955
test_02165,92.8316909513003
test_02166,105.85598511079175
test_02167,61.05979633351881
test_02168,44.89606989307371
test_02169,122.51719339263511
test_02170,105.5444831213983
test_02171,84.66593843193547
test_02172,11.231048592932089
test_02173,41.495835255955356
test_02174,31.930630093602325
test_02175,21.3255583879474
test_02176,45.45462674681876
test_02177,86.10403392765353
test_02178,67.20108151199291
test_02179,7.007654851208017
test_02180,12.507838970984842
test_02181,71.21814013196382
test_02182,121.40455559375542
test_02183,111.14503150017325
test_02184,35.2017379628194
test_02185,24.873130800213488
test_02186,22.113195560053274
test_02187,176.97086994281022
test_02188,44.89619663739594
test_02189,37.86593870711945
test_02190,44.12644133222797
test_02191,36.3132528835608
test_02192,60.14648004817932
test_02193,69.10319763209525
test_02194,105.8168444952716
test_02195,16.211987772981146
test_02196,21.619657879816202
test_02197,29.561423655010188
test_02198,118.05101659142092
test_02199,115.4673198419905
test_02200,8.265919957424673
test_02201,14.817871985051172
test_02202,11.721409850459713
test_02203,10.523483965113734
test_02204,24.267498300799442
test_02205,58.12120340481702
test_02206,50.97577187831618
test_02207,19.535034164697848
test_02208,43.57802909550663
test_02209,62.51155137587991
test_02210,43.52110318984933
test_02211,63.88220952801179
test_02212,91.04707957521391
test_02213,6.327277305565225
test_02214,13.518454668765733
test_02215,9.880942204934083
test_02216,10.61396654300373
test_02217,18.536977665733055
test_02218,20.0500954243169
test_02219,6.050090690272835
test_02220,13.688310900534567
test_02221,14.402229721646494
test_02222,114.49776768967116
test_02223,30.89760747106257
test_02224,12.231275310590961
test_02225,38.364193421028055
test_02226,12.823085651260058
test_02227,6.7791870781471495
test_02228,8.478561720803494
test_02229,18.768805200512098
test_02230,32.5569366386511
test_02231,98.62025755274469
test_02232,79.14306581768538
test_02233,53.309723882444416
test_02234,22.927160985318228
test_02235,19.796745720957222
test_02236,11.140432503433459
test_02237,18.181831504405636
test_02238,73.7734488334237
test_02239,134.08603463713752
test_02240,20.403975232238217
test_02241,138.6105113281599
test_02242,22.43773036579634
test_02243,9.375073225582476
test_02244,6.781111118088065
test_02245,25.786620251690685
test_02246,200.3933465511603
test_02247,150.9570585487018
test_02248,63.9784679003684
test_02249,38.5260887781963
test_02250,72.92813595099986
test_02251,78.53419335982963
test_02252,40.90919945134331
test_02253,14.159376292605494
test_02254,62.54989216120764
test_02255,123.91029809217699
test_02256,66.99588840433358
test_02257,110.58936743021064
test_02258,150.8067913689269
test_02259,249.4897838937078
test_02260,102.65527329989513
test_02261,65.16274292535175
test_02262,52.972028260496685
test_02263,177.13493683231567
test_02264,111.08694438852714
test_02265,35.56613368982289
test_02266,9.200494290518563
test_02267,17.869234648979457
test_02268,26.991403079591556
test_02269,6.288203094678221
test_02270,34.76710083625012
test_02271,5.345048477157883
test_02272,33.49661379680822
test_02273,8.33139132701612
test_02274,7.2790282847704155
test_02275,68.77425406869295
test_02276,132.36054714119214
test_02277,285.4188568597576
test_02278,206.62442232663153
test_02279,182.44347559281934
test_02280,71.08543038514888
test_02281,13.177401476262794
test_02282,47.13680776915105
test_02283,174.37703513988822
test_02284,83.17762652735583
test_02285,61.28481229544275
test_02286,54.54029699093076
test_02287,45.61660994365944
test_02288,14.017354006235033
test_02289,69.93174287257376
test_02290,122.44768911271422
test_02291,178.72801016856207
test_02292,32.177338625568844
test_02293,51.44162343323611
test_02294,8.990779359572842
test_02295,6.648421095462959
test_02296,10.371250821130062
test_02297,81.33356359545007
test_02298,103.13261295673703
test_02299,243.42438558536523
test_02300,33.851806288687115
test_02301,56.439962296083195
test_02302,85.05204208326413
test_02303,6.683306932479625
test_02304,34.784182458303746
test_02305,59.68936375459061
test_02306,290.4340872168727
test_02307,105.9670328923201
test_02308,15.634554117550891
test_02309,44.65543956411169
test_02310,138.05009206381442
test_02311,11.04897060774256
test_02312,16.271829433570378
test_02313,49.06925201410027
test_02314,202.79200137714463
test_02315,9.572335359766015
test_02316,13.349317095539629
test_02317,7.583268899583771
test_02318,36.591320099716405
test_02319,82.68028213020041
test_02320,115.24390362892349
test_02321,80.4994723834476
test_02322,381.6406021647623
test_02323,402.7525995135883
test_02324,11.92967993827866
test_02325,42.7714016158462
test_02326,141.63074783379014
test_02327,157.15333477766416
test_02328,16.73017419963154
test_02329,56.32202037149345
test_02330,20.807043647981153
test_02331,64.21037499804712
test_02332,137.58449684060028
test_02333,322.31497256161873
test_02334,250.5953044448723
test_02335,145.71901084577607
test_02336,107.33199183081291
test_02337,259.14557049200636
test_02338,140.7743056500906
test_02339,147.11927536075888
test_02340,28.178669349620193
test_02341,11.509179937825264
test_02342,6.115679733674233
test_02343,43.558196880832185
test_02344,22.669210370636854
test_02345,15.183560519583695
test_02346,14.9543396933635
test_02347,87.38127501982781
test_02348,132.57123385822203
test_02349,162.7496252879239
test_02350,39.68845543381783
test_02351,6.879826156447841
test_02352,43.2377893886669
test_02353,12.270010735978612
test_02354,14.142227990233657
test_02355,29.544733483213573
test_02356,90.67144989663416
test_02357,193.97979368086305
test_02358,6.7432554205766415
test_02359,235.39876367041722
test_02360,9.60558650654741
test_02361,10.3626546337985
test_02362,73.65976626222601
test_02363,7.992069613691978
test_02364,40.4261096400604
test_02365,62.16796071018462
test_02366,249.4898569483596
test_02367,7.384319954633294
test_02368,7.328892860267272
test_02369,82.47867333764722
test_02370,7.015781713422782
test_02371,6.902411737698802
test_02372,7.785713707454759
test_02373,139.1296552184846
test_02374,105.93710072826066
test_02375,141.49918269033975
test_02376,217.91929881897872
test_02377,229.239741078404
test_02378,6.138131251682407
test_02379,36.100193811261
test_02380,112.97471298196723
test_02381,6.951196460537273
test_02382,23.947812050593914
test_02383,94.79692499240208
test_02384,13.92097273230089
test_02385,23.246423130795577
test_02386,25.952561342601296
test_02387,20.312309146632607
test_02388,56.200063579653516
test_02389,10.97124986156735
test_02390,205.0681999847508
test_02391,137.49052318492807
test_02392,398.23643644318224
test_02393,67.12991146646134
test_02394,51.64192940118291
test_02395,124.46190250660146
test_02396,9.534315086032693
test_02397,6.695653290039141
test_02398,9.708248058021562
test_02399,20.36221916214158
test_02400,107.16440712341907
test_02401,8.565972185666542
test_02402,123.92126032594086
test_02403,278.2480536397121
test_02404,280.2067537622769
test_02405,58.850756554115506
test_02406,44.587814025604935
test_02407,50.952959923057854
test_02408,127.69525872450234
test_02409,52.07608267691259
test_02410,10.074809425866391
test_02411,34.45485715038304
test_02412,35.284587693698036
test_02413,8.742462146854088
test_02414,46.913431422616796
test_02415,8.684136420424258
test_02416,8.924871628294525
test_02417,115.78583204447995
test_02418,89.04802013353857
test_02419,5.934978008661979
test_02420,14.028818851368612
test_02421,65.71572559390401
test_02422,93.33240146298684
test_02423,100.83822677255287
test_02424,23.228606149268334
test_02425,8.73710445799433
test_02426,55.7319213902967
test_02427,66.13519084568372
test_02428,39.97221521521033
test_02429,87.62190517459729
test_02430,57.90349164509304
test_02431,41.940466028903984
test_02432,86.58907061430494
test_02433,9.083744015470447
test_02434,12.638175388031549
test_02435,26.059629390511695
test_02436,72.19030980869684
test_02437,82.54313929416637
test_02438,59.801030306269475
test_02439,28.503036818033294
test_02440,71.67535525874122
test_02441,61.50030546165547
test_02442,75.61788262401176
test_02443,86.91106437708552
test_02444,97.33947101518464
test_02445,60.40496450500114
test_02446,158.01194335846418
test_02447,195.43601363370493
test_02448,30.760805138995664
test_02449,9.364785608851264
test_02450,27.468716175081838
test_02451,45.007299883853584
test_02452,17.68384111867585
test_02453,37.58586735121997
test_02454,99.43092357064373
test_02455,22.26075213629001
test_02456,44.30670310048224
test_02457,140.23848995907383
test_02458,19.48238678432594
test_02459,33.51073792056052
test_02460,57.6989902552923
test_02461,41.24366858138707
test_02462,41.05374848643187
test_02463,47.09960687989708
test_02464,81.95538704848471
test_02465,126.90229361668635
test_02466,88.78486708296361
test_02467,76.27049080646437
test_02468,82.8667589275668
test_02469,45.51927323461591
test_02470,11.451778910098506
test_02471,18.45657231425828
test_02472,91.10312360570329
test_02473,38.90048117679634
test_02474,8.080520712014055
test_02475,104.175377407031
test_02476,40.641506437679446
test_02477,39.47557881739925
test_02478,48.11844973840605
test_02479,82.48475035857703
test_02480,75.78785367649374
test_02481,61.29857567503326
test_02482,125.20234768965307
test_02483,91.82334804068434
test_02484,183.94008368801593
test_02485,51.70846877786259
test_02486,8.386018277277056
test_02487,65.39328894135261
test_02488,53.91470246847613
test_02489,60.5046077258555
test_02490,14.118804403570618
test_02491,33.75779810794057
test_02492,33.24407448869298
test_02493,45.9709487283166
test_02494,119.82559463775866
test_02495,84.23299663949909
test_02496,176.70630668285582
test_02497,67.70287260497305
test_02498,136.63729947122678
test_02499,9.160468876914804
test_02500,20.774401570287058
test_02501,37.65169759299192
test_02502,81.94965020374735
test_02503,101.55888311194687
test_02504,113.67701817229391
test_02505,49.447488154990396
test_02506,30.954877751367583
test_02507,44.55706742344208
test_02508,131.8258841275326
test_02509,51.711370444510294
test_02510,90.9989548250461
test_02511,82.03057618228573
test_02512,62.97622619241322
test_02513,73.71090158413294
test_02514,117.27791760709803
test_02515,86.6306134942875
test_02516,67.46496272762309
test_02517,20.350029649928754
test_02518,57.42169795923964
test_02519,36.50677297427572
test_02520,33.68867164190763
test_02521,90.9601623742575
test_02522,100.7330147629208
test_02523,90.69784907092333
test_02524,9.380334442600494
test_02525,37.197681474825515
test_02526,66.57332578106957
test_02527,137.47498617245532
test_02528,127.24648621221061
test_02529,24.60275541070432
test_02530,40.83920103943732
test_02531,18.157545601000592
test_02532,125.53083181044994
test_02533,120.55073723816423
test_02534,31.953862623540093
test_02535,60.083082294981175
test_02536,164.8444092596936
test_02537,84.12520462680583
test_02538,102.30378446319843
test_02539,67.98720311751009
test_02540,129.963719070779
test_02541,20.955943477657584
test_02542,51.8300131763257
test_02543,59.94311568602356
test_02544,77.88389990530659
test_02545,93.79365041248346
test_02546,42.88859130413757
test_02547,27.663384245041577
test_02548,15.43463442665114
test_02549,12.696555724726965
test_02550,29.158039695845883
test_02551,91.91970537540317
test_02552,61.48762401568135
test_02553,27.74858081560881
test_02554,64.19078515256868
test_02555,63.03810669988603
test_02556,42.32674322165187
test_02557,89.16636722808107
test_02558,95.9117618791746
test_02559,9.059195312381437
test_02560,31.204636214493114
test_02561,11.969357240264621
test_02562,24.942119834356113
test_02563,38.64571502557029
test_02564,24.942170522924844
test_02565,8.84937239518726
test_02566,12.133678577413479
test_02567,15.794139515688226
test_02568,139.92984768007034
test_02569,36.36362807734258
test_02570,14.823895381544645
test_02571,42.35554837710935
test_02572,13.59454091570966
test_02573,7.231740465557303
test_02574,10.131723929702591
test_02575,35.06655252244
test_02576,43.33780673875141
test_02577,68.21121742297049
test_02578,49.01343167127151
test_02579,157.9291220398709
test_02580,31.627313170163227
test_02581,29.031998585548564
test_02582,11.45381363915211
test_02583,36.160914587828955
test_02584,59.07737691981943
test_02585,90.82296840662963
test_02586,123.04932275592482
test_02587,29.418482420392728
test_02588,192.70050778336923
test_02589,38.0978479943132
test_02590,10.97704907709284
test_02591,7.93999964774776
test_02592,47.87131575545115
test_02593,91.58007654525912
test_02594,218.46535528323932
test_02595,181.6098969100757
test_02596,98.73751613428503
test_02597,42.48747951602557
test_02598,62.88207133840342
test_02599,60.526246259144735
test_02600,46.92863931467721
test_02601,12.376286608341555
test_02602,47.47045018751918
test_02603,152.81302837143068
test_02604,55.69732312941542
test_02605,131.59425799272498
test_02606,254.1041828730808
test_02607,121.09259202541168
test_02608,99.22749674948392
test_02609,52.87383147615869
test_02610,159.2350680996333
test_02611,57.84095155706502
test_02612,46.74609456091082
test_02613,9.92487876465984
test_02614,25.475944855612674
test_02615,55.5610837003308
test_02616,115.54609373704405
test_02617,6.648244822150608
test_02618,65.49270758748267
test_02619,6.993032432696025
test_02620,30.454699607747102
test_02621,9.855415879494664
test_02622,13.472842606179812
test_02623,73.41796722346459
test_02624,153.34798514625845
test_02625,285.14816354561776
test_02626,240.4034758499724
test_02627,119.78689699697937
test_02628,104.92857623945508
test_02629,9.858371149528235
test_02630,91.22128818856342
test_02631,227.533781040442
test_02632,44.6100246845008
test_02633,70.45610088995498
test_02634,60.04050031860967
test_02635,24.421063229373274
test_02636,17.23189226835718
test_02637,90.60561130430392
test_02638,67.2998014423065
test_02639,188.1200053355697
test_02640,26.184027254209703
test_02641,77.7768929881771
test_02642,10.53613878870446
test_02643,6.135413677772545
test_02644,12.05154086164582
test_02645,87.85708067014424
test_02646,202.65221444417386
test_02647,269.14727529155766
test_02648,19.730851549964605
test_02649,145.8537460833934
test_02650,110.3275723593646
test_02651,7.502867194472561
test_02652,132.22098160022898
test_02653,200.55239967890924
test_02654,519.5381194922691
test_02655,69.8871760699916
test_02656,42.29700784165388
test_02657,130.95046403860874
test_02658,221.2451248606486
test_02659,9.555493742846316
test_02660,19.773485236396944
test_02661,194.58990367348338
test_02662,226.4046123320711
test_02663,9.569550361407632
test_02664,11.781429134628867
test_02665,6.809452331583952
test_02666,103.32250873131807
test_02667,275.46932366036435
test_02668,207.9155514681966
test_02669,249.40948780239447
test_02670,389.06906750859474
test_02671,399.5030049883974
test_02672,11.600598635886893
test_02673,86.59833062040644
test_02674,149.2905702584005
test_02675,195.3731422037764
test_02676,13.842003244321626
test_02677,133.1369594248391
test_02678,13.8408959314207
test_02679,384.0400092333774
test_02680,365.95206300235145
test_02681,132.11446046540038
test_02682,335.9611354346503
test_02683,488.34298562311375
test_02684,262.358606077103
test_02685,239.13042837355954
test_02686,166.29263515672397
test_02687,19.69665660341574
test_02688,11.516062924189269
test_02689,7.928607316360046
test_02690,22.379646164720306
test_02691,70.81001277364066
test_02692,10.099083396521827
test_02693,35.391034231825785
test_02694,76.1810734060257
test_02695,132.02882018932686
test_02696,180.0786948261191
test_02697,57.262710922457046
test_02698,7.470749433587256
test_02699,75.17627061964394
test_02700,10.765561689022938
test_02701,24.734791470996168
test_02702,126.25546535304768
test_02703,198.89622833050086
test_02704,311.70666041579454
test_02705,8.213299425037677
test_02706,411.18238826679493
test_02707,11.507965565037587
test_02708,7.33182430384348
test_02709,95.80497134075625
test_02710,6.728773795944345
test_02711,47.7674473432144
test_02712,85.51725820650394
test_02713,294.6681481764266
test_02714,6.4319745251407
test_02715,7.133361803510518
test_02716,53.56463567609164
test_02717,7.751312833182205
test_02718,7.486695108364918
test_02719,8.860934497914275
test_02720,120.98487525082267
test_02721,141.52699236728478
test_02722,204.0936115550962
test_02723,262.492187637076
test_02724,275.9306782245313
test_02725,6.072485751789872
test_02726,89.51005059043837
test_02727,175.86981915761143
test_02728,7.673140657080065
test_02729,47.49478282581151
test_02730,13.176366033386241
test_02731,26.769557414102554
test_02732,18.238933235189283
test_02733,22.797874279390513
test_02734,90.57824780226116
test_02735,6.2597245588014765
test_02736,206.58062210336226
test_02737,412.57766626194297
test_02738,60.62392548525258
test_02739,39.933601059123916
test_02740,120.70746516545935
test_02741,8.877889105981586
test_02742,7.564056961288841
test_02743,10.223588132793628
test_02744,12.070478752399445
test_02745,192.58535217160482
test_02746,87.6668714239172
test_02747,316.96889701978785
test_02748,268.2754270723331
test_02749,44.0942363319857
test_02750,45.894258080948084
test_02751,40.377502012132254
test_02752,130.53781282924288
test_02753,61.058574347934375
test_02754,9.470891094289602
test_02755,35.70035118512403
test_02756,58.91022376195001
test_02757,11.135049590340712
test_02758,48.192821700661575
test_02759,7.26657448839815
test_02760,8.036381463093523
test_02761,120.28951955832187
test_02762,117.75297057150935
test_02763,12.056403565626152
test_02764,13.55666338548202
test_02765,75.50987850109519
test_02766,91.58384181328881
test_02767,63.37781841663547
test_02768,7.80041056784701
test_02769,69.59845245071136
test_02770,67.20776836032587
test_02771,45.67181593353523
test_02772,98.94949616560947
test_02773,15.820474061135142
test_02774,33.74329970642976
test_02775,106.4783243372946
test_02776,17.81457001988063
test_02777,28.01435859655897
test_02778,59.343922302906975
test_02779,75.95113822224764
test_02780,45.92448479307911
test_02781,14.32396389866385
test_02782,51.28356814583644
test_02783,56.8615207461113
test_02784,68.27665920593986
test_02785,85.99030948824429
test_02786,73.48597993711986
test_02787,50.750629375866936
test_02788,171.53298730121776
test_02789,210.11050856265675
test_02790,12.18560486978873
test_02791,46.2635301344934
test_02792,12.729402466396113
test_02793,19.566487686826907
test_02794,44.92902209912053
test_02795,17.304455105286507
test_02796,37.52256792658974
test_02797,124.17590586105277
test_02798,25.870388392092657
test_02799,33.1523093964673
test_02800,71.16393528467583
test_02801,32.80359831616782
test_02802,39.41679771118089
test_02803,43.50681423681108
test_02804,86.66019692287097
test_02805,104.98670679205208
test_02806,59.2492020764536
test_02807,41.563549738511085
test_02808,66.79413900387583
test_02809,27.83271179261838
test_02810,14.39412145966714
test_02811,14.781075759442466
test_02812,104.77481697688187
test_02813,46.76122763595526
test_02814,10.499500712332758
test_02815,87.26340334430706
test_02816,38.26240005645404
test_02817,36.02242497884701
test_02818,42.743485315055906
test_02819,71.09478189471899
test_02820,90.5098902215939
test_02821,47.09245713970995
test_02822,139.15399413423646
test_02823,79.62140915961355
test_02824,168.25903928525466
test_02825,44.04369574511407
test_02826,6.204596018780291
test_02827,71.13515898991227
test_02828,36.112063147112295
test_02829,53.59302623910675
test_02830,13.575519964867631
test_02831,15.278779842324395
test_02832,23.181825343688377
test_02833,26.413140173720148
test_02834,79.62005070900979
test_02835,78.38735820401828
test_02836,141.13268385969056
test_02837,53.32783471440304
test_02838,157.0091010521906
test_02839,10.11542148086237
test_02840,24.34538363359532
test_02841,68.2977451573257
test_02842,95.00840388469346
test_02843,69.83824851752266
test_02844,98.38756690253791
test_02845,43.565259785875654
test_02846,15.132293704523875
test_02847,98.23626749590962
test_02848,104.96966413241194
test_02849,110.30424154586922
test_02850,41.37960379694939
test_02851,52.51006682270243
test_02852,123.3951287085199
test_02853,88.98380500017694
test_02854,82.7811953574913
test_02855,17.096531263448412
test_02856,39.259163567138785
test_02857,32.54121099872192
test_02858,24.07204963545642
test_02859,76.54576299514613
test_02860,72.836045910904
test_02861,9.819995707709875
test_02862,23.93839693931694
test_02863,65.7418912943316
test_02864,95.752386551283
test_02865,115.60439315320838
test_02866,35.781121647360514
test_02867,39.649057608299664
test_02868,16.36511008159505
test_02869,98.27939641517405
test_02870,174.57528920469662
test_02871,37.95315002142654
test_02872,51.15731732871774
test_02873,69.22571837860332
test_02874,99.21371145139338
test_02875,156.80888480341935
test_02876,68.53315282816915
test_02877,103.95913664003237
test_02878,16.85682420370678
test_02879,19.361607785067697
test_02880,42.10994940121057
test_02881,81.42227131211834
test_02882,97.87308564788488
test_02883,35.13365705811218
test_02884,21.792302950946286
test_02885,10.382382505650678
test_02886,15.23719128851711
test_02887,34.71889467636857
test_02888,70.31018753933837
test_02889,39.400658207765666
test_02890,23.0215583928053
test_02891,26.864753133570282
test_02892,52.922177052486845
test_02893,72.20356172519352
test_02894,79.37065595012463
test_02895,138.11401104975084
test_02896,8.416605362639599
test_02897,22.77008999513025
test_02898,7.729576584848159
test_02899,10.538441011923261
test_02900,18.703361379494037
test_02901,23.737893970056337
test_02902,6.819634340258192
test_02903,12.523312425434147
test_02904,12.526163549385549
test_02905,27.82701204309403
test_02906,13.140288409315943
test_02907,36.77154780225447
test_02908,13.039093715373639
test_02909,8.07197965830662
test_02910,8.96447595717478
test_02911,24.85096501836634
test_02912,35.43191443144613
test_02913,88.00352569533956
test_02914,156.66287704621956
test_02915,26.372320558954286
test_02916,19.146099504262256
test_02917,10.903151921209357
test_02918,26.236861174293686
test_02919,37.75588038783993
test_02920,67.4430575865189
test_02921,121.23539065352892
test_02922,17.561999335217124
test_02923,181.272780949528
test_02924,32.05661242649407
test_02925,12.334513475095896
test_02926,7.998794903883356
test_02927,35.87905413154524
test_02928,75.4727857763926
test_02929,215.91155893130423
test_02930,164.5790248366335
test_02931,57.09405202787302
test_02932,49.73413030159395
test_02933,75.37312623261073
test_02934,84.97338330562724
test_02935,75.25856784994119
test_02936,15.635335016981053
test_02937,38.49691148709636
test_02938,148.20859972078793
test_02939,75.41107544176866
test_02940,125.19914859728217
test_02941,202.06801900030504
test_02942,170.45323120747415
test_02943,134.1545764411938
test_02944,74.14853819316025
test_02945,49.19681142395805
test_02946,162.86324108216598
test_02947,91.27022821657302
test_02948,34.30039923389253
test_02949,7.318150389150154
test_02950,18.84064304817438
test_02951,36.383291867324864
test_02952,66.88725596604769
test_02953,5.851596819253166
test_02954,5.626754507619277
test_02955,27.083377572190926
test_02956,23.35773909972548
test_02957,7.007247258522759
test_02958,67.02403456189259
test_02959,134.04816050601306
test_02960,275.79463065556223
test_02961,144.1416200721792
test_02962,117.29495673964036
test_02963,96.50564292366741
test_02964,7.496863008319197
test_02965,83.03532669012176
test_02966,168.58207990427618
test_02967,102.86195324836197
test_02968,47.65720544372893
test_02969,55.30684998083487
test_02970,37.1869683881152
test_02971,13.28561764961014
test_02972,84.59444072202803
test_02973,127.2671346646966
test_02974,168.6114025790158
test_02975,43.1839895507903
test_02976,64.12755903683671
test_02977,8.10544946189615
test_02978,5.767420505520811
test_02979,9.677340723780983
test_02980,90.10624221379283
test_02981,149.6285585490698
test_02982,240.19998508304369
test_02983,15.458594178820412
test_02984,69.15934506890258
test_02985,111.66945640299203
test_02986,5.974027148467931
test_02987,69.34634160556101
test_02988,117.2938273759822
test_02989,483.7015721876316
test_02990,239.56927281887275
test_02991,53.595481833490894
test_02992,43.82648614286576
test_02993,137.09328445807913
test_02994,11.351913458714748
test_02995,14.263172176550666
test_02996,61.74774203312923
test_02997,206.94962966448304
test_02998,7.648644630711507
test_02999,7.985326837334157
test_03000,8.119460908394979
test_03001,55.18132063777957
test_03002,226.70704470906784
test_03003,111.15021415231907
test_03004,83.8933233206738
test_03005,371.00471007043495
test_03006,425.7673466977572
test_03007,16.324089728637407
test_03008,54.15477425040852
test_03009,133.42061464702027
test_03010,185.6864699599183
test_03011,10.995398740479589
test_03012,122.60127918814803
test_03013,9.466299399048797
test_03014,178.90767192751377
test_03015,222.39940734408987
test_03016,380.3660735962008
test_03017,266.5217350984232
test_03018,199.4686475705094
test_03019,419.85335958581027
test_03020,295.2899949074507
test_03021,222.3062477976752
test_03022,175.46091511985549
test_03023,25.402587741074825
test_03024,11.620387524386047
test_03025,8.422211670989988
test_03026,31.94338242325932
test_03027,33.697919685804024
test_03028,10.872491797364702
test_03029,31.553702492543355
test_03030,65.95781042552164
test_03031,116.55109256874204
test_03032,195.94793978108612
test_03033,79.19152055715236
test_03034,7.223770409474174
test_03035,95.3693624747431
test_03036,16.583310336364853
test_03037,15.394704442588276
test_03038,92.2160905663432
test_03039,153.52092850397779
test_03040,265.41306863837576
test_03041,9.667583822133142
test_03042,516.2563278276004
test_03043,8.517824548563329
test_03044,7.514619737727244
test_03045,97.68790154546835
test_03046,8.021713796881144
test_03047,32.73944979727697
test_03048,87.8493299818992
test_03049,275.47982908366714
test_03050,6.41969524674057
test_03051,8.321954468056644
test_03052,97.99408410715336
test_03053,7.741793478280766
test_03054,7.18417868883483
test_03055,8.712088711876767
test_03056,94.93714700419682
test_03057,163.06480524141097
test_03058,215.33970761553095
test_03059,274.67921384506985
test_03060,253.08065260671174
test_03061,7.871775949287503
test_03062,86.02431757325547
test_03063,150.4932890726727
test_03064,5.835307406433921
test_03065,71.35728246894931
test_03066,88.12809008130075
test_03067,15.314583855645548
test_03068,18.68605472355619
test_03069,13.505480348486238
test_03070,17.821996350981465
test_03071,94.60675803476788
test_03072,8.463911884768981
test_03073,187.2491370693139
test_03074,142.787306667748
test_03075,69.88529556291763
test_03076,45.69614155204164
test_03077,115.07097233097312
test_03078,9.12551937792068
test_03079,6.715996643625762
test_03080,11.05910683956432
test_03081,16.413096875723774
test_03082,103.58671264545454
test_03083,8.658620319046694
test_03084,100.55104512414123
test_03085,296.92006559059274
test_03086,276.014654232252
test_03087,57.42673289366425
test_03088,39.32630212665702
test_03089,50.54701743729328
test_03090,125.2047585413531
test_03091,58.40132348033839
test_03092,7.971557794454963
test_03093,36.25624970686085
test_03094,36.45913668292778
test_03095,12.590357366564781
test_03096,51.06904265220604
test_03097,9.0411349902622
test_03098,10.013093661139788
test_03099,123.63802656658623
test_03100,72.49949591833935
test_03101,6.829460516458365
test_03102,8.186246940537877
test_03103,90.64855765948565
test_03104,124.319949065208
test_03105,108.27327698733296
test_03106,31.122294405615186
test_03107,16.193671828082007
test_03108,64.83597692783681
test_03109,77.75215567152948
test_03110,49.70072269418894
test_03111,76.38248472915545
test_03112,70.4007001824049
test_03113,39.440609048607314
test_03114,106.36116632851719
test_03115,12.244912867197991
test_03116,25.47394557063735
test_03117,73.96899455331962
test_03118,87.831423012975
test_03119,15.030131271897119
test_03120,48.833747615425736
test_03121,49.12021926637625
test_03122,59.26601392468092
test_03123,62.907930544088586
test_03124,94.40298948035836
test_03125,58.88306071133568
test_03126,173.23677302210467
test_03127,21.08457189943054
test_03128,10.215949257088655
test_03129,15.877240480742124
test_03130,49.49282916983268
test_03131,22.51324791082172
test_03132,30.854384741195442
test_03133,55.17693389245621
test_03134,21.23229534496428
test_03135,43.61427945369347
test_03136,111.8421566881471
test_03137,26.620415050649832
test_03138,36.66315007948713
test_03139,54.92567073314201
test_03140,53.00570260481099
test_03141,45.172577357085615
test_03142,43.04018497184884
test_03143,80.20086304035658
test_03144,109.82666203156347
test_03145,83.74693302909441
test_03146,75.50268120170728
test_03147,82.059415050106
test_03148,48.28150738971189
test_03149,13.345014987698395
test_03150,21.61528536094933
test_03151,93.70811624261717
test_03152,40.624244204491234
test_03153,14.735980554338425
test_03154,97.92581725285038
test_03155,38.29283105586137
test_03156,38.74311896502924
test_03157,51.85083858432885
test_03158,72.11451548713843
test_03159,68.7089235623811
test_03160,67.99783776981036
test_03161,114.58973324981426
test_03162,89.96128410989776
test_03163,195.9839392647683
test_03164,52.50665215584496
test_03165,7.723461543249664
test_03166,75.25543846704703
test_03167,74.64297769599133
test_03168,50.18694584615196
test_03169,16.161572172617802
test_03170,35.31594371678908
test_03171,40.68092507325377
test_03172,46.53270080275035
test_03173,107.52252925497164
test_03174,99.61120561294206
test_03175,171.4927003467392
test_03176,70.47641510718543
test_03177,135.36820799750788
test_03178,7.562078607969299
test_03179,33.32998374074866
test_03180,71.29478921077128
test_03181,108.5692627984295
test_03182,113.06525964092198
test_03183,64.99807245179935
test_03184,22.481387588673865
test_03185,37.76394652904752
test_03186,113.81744343514946
test_03187,49.92448857700006
test_03188,85.65859020245391
test_03189,85.4417267576638
test_03190,69.8565603801016
test_03191,72.02513659832384
test_03192,115.66176638754604
test_03193,89.03533433139548
test_03194,59.717290924366935
test_03195,29.283461629387894
test_03196,43.11735289664416
test_03197,32.273100822506464
test_03198,36.16888247086895
test_03199,101.39885607206271
test_03200,101.98426674865352
test_03201,96.80221146289773
test_03202,9.0862390339993
test_03203,35.460912101519654
test_03204,58.84207352671671
test_03205,149.57438275063706
test_03206,122.68754475879949
test_03207,26.405572399683997
test_03208,38.10916892755522
test_03209,15.220269202880203
test_03210,96.33772062934763
test_03211,125.03332822951222
test_03212,43.003535566970406
test_03213,67.04768008748297
test_03214,151.10854466097726
test_03215,89.99469523596198
test_03216,89.99921036096339
test_03217,77.11826398939002
test_03218,125.86069845441567
test_03219,19.65125894002404
test_03220,62.340478677606264
test_03221,72.30083062795546
test_03222,86.37850207552034
test_03223,42.92536243238617
test_03224,31.213886424597245
test_03225,19.81755936523357
test_03226,11.1234844557849
test_03227,30.688873412780424
test_03228,95.60344988904285
test_03229,63.28695500156482
test_03230,29.08934067012947
test_03231,58.6432493125743
test_03232,68.00586424324624
test_03233,33.69212519901218
test_03234,90.59316765242971
test_03235,111.40328492942368
test_03236,8.141814504445895
test_03237,30.619252367703123
test_03238,8.360214992420634
test_03239,21.80734394035396
test_03240,42.21986255935371
test_03241,31.829332415262424
test_03242,7.485432219254985
test_03243,18.71308524111393
test_03244,17.44230049045663
test_03245,129.61824140015372
test_03246,35.41297927695469
test_03247,22.91210930439942
test_03248,42.31675029777073
test_03249,10.719841125903658
test_03250,9.091084869374706
test_03251,12.029199193756575
test_03252,33.46219958328233
test_03253,34.634335366601434
test_03254,62.45652247591323
test_03255,63.76271344230183
test_03256,142.30170814192581
test_03257,30.483946692691248
test_03258,35.22747658928998
test_03259,14.444593652201263
test_03260,17.542224295950287
test_03261,54.599319372456044
test_03262,89.74703772849932
test_03263,95.19584026822925
test_03264,37.960600515731045
test_03265,191.89788987941165
test_03266,41.0833337346057
test_03267,15.669093248181714
test_03268,8.617905577971314
test_03269,51.38122115557324
test_03270,93.53624271582667
test_03271,215.34573939617144
test_03272,190.45616632991792
test_03273,99.13633253405197
test_03274,43.023103947392
test_03275,57.545145915539266
test_03276,55.890684525537225
test_03277,47.039354870945374
test_03278,16.146357756585267
test_03279,45.473815131183926
test_03280,128.91328401850635
test_03281,55.78369816913625
test_03282,127.61217572883893
test_03283,207.41251177553477
test_03284,150.76645083549568
test_03285,123.4284108482599
test_03286,94.52393085700206
test_03287,53.39890923785379
test_03288,165.17586498128145
test_03289,61.83765981530173
test_03290,46.21243924596491
test_03291,8.876926485874021
test_03292,19.853257987923516
test_03293,55.399285760431866
test_03294,122.33781569513697
test_03295,8.775962285535376
test_03296,58.81267431924509
test_03297,7.749568412638825
test_03298,30.30890191776176
test_03299,11.303154824197541
test_03300,12.620467674689635
test_03301,67.56186301709032
test_03302,133.94929039203257
test_03303,246.94539898773414
test_03304,210.94722900437756
test_03305,113.75574069767558
test_03306,107.40279565805652
test_03307,11.973445944257533
test_03308,86.06668151341151
test_03309,193.53377439385181
test_03310,112.28228609117195
test_03311,62.278868844717344
test_03312,56.123470705850224
test_03313,29.715249361800872
test_03314,16.051018267030045
test_03315,81.99539188764528
test_03316,66.5173568793461
test_03317,190.529215354576
test_03318,26.883355871874308
test_03319,69.12638443754082
test_03320,10.709613598723678
test_03321,6.853795617894351
test_03322,28.499107524127798
test_03323,90.57553391890437
test_03324,196.3288206991823
test_03325,294.0108859994297
test_03326,21.741834725174513
test_03327,109.91087875806707
test_03328,143.28595571232523
test_03329,7.0558506525700615
test_03330,115.38768354131226
test_03331,211.49687267096635
test_03332,434.3656279030684
test_03333,85.36856881090979
test_03334,39.17654026496875
test_03335,128.56019031160847
test_03336,221.63134078292381
test_03337,10.29692790734724
test_03338,27.579929140479937
test_03339,167.20013160449423
test_03340,223.94854208061733
test_03341,9.648826367227125
test_03342,14.185981477638009
test_03343,7.874283032513086
test_03344,195.04137009812663
test_03345,268.8437140620689
test_03346,210.27626886038666
test_03347,216.82598368597266
test_03348,366.7699636325155
test_03349,396.9725557522517
test_03350,13.74897213179649
test_03351,79.92963776467232
test_03352,133.62770330355187
test_03353,183.67286184346392
test_03354,15.106247820925766
test_03355,136.6508916501109
test_03356,15.45973447453556
test_03357,297.97008842586513
test_03358,288.5734227135298
test_03359,360.3454524731865
test_03360,118.8421935133795
test_03361,334.01550963161424
test_03362,473.5539587852946
test_03363,242.56098504210996
test_03364,183.2068402275401
test_03365,189.5813254041297
test_03366,23.446413448626956
test_03367,12.516808435592507
test_03368,6.772675637063826
test_03369,54.06742163225655
test_03370,82.66188299100769
test_03371,11.826266271094685
test_03372,29.892910398139726
test_03373,71.32448127917245
test_03374,50.18528831055704
test_03375,157.88748128025668
test_03376,53.13419557161036
test_03377,7.025676456926323
test_03378,70.3793605371935
test_03379,7.987532959774461
test_03380,24.595768543097556
test_03381,95.61339951521352
test_03382,179.98862260312464
test_03383,301.73881972178845
test_03384,7.7149401942260845
test_03385,357.32443799605926
test_03386,9.840757665428377
test_03387,9.561462905633324
test_03388,98.1907242679382
test_03389,7.280395913017122
test_03390,61.594144217299444
test_03391,113.95637176045037
test_03392,312.7730432131158
test_03393,7.419567461735255
test_03394,12.986327120699178
test_03395,51.561639068982586
test_03396,12.63692051131548
test_03397,8.925700150635867
test_03398,9.86504980482481
test_03399,97.24381599134463
test_03400,128.67076086619986
test_03401,182.40214876058104
test_03402,209.28567374115974
test_03403,249.9552146654512
test_03404,6.864889511203425
test_03405,91.38267725366603
test_03406,144.15748498445274
test_03407,6.5837062395144095
test_03408,44.2110107782483
test_03409,85.73392791054899
test_03410,14.931780299474536
test_03411,28.665702586335257
test_03412,17.018707338430893
test_03413,19.88226139177056
test_03414,104.10066021585922
test_03415,8.248673567607531
test_03416,184.7951940229663
test_03417,195.90872272861498
test_03418,352.28573063140215
test_03419,74.70915029373208
test_03420,54.086133325647225
test_03421,103.19453469502594
test_03422,8.548997061366808
test_03423,7.989322319357857
test_03424,7.807029551410279
test_03425,19.56494426621598
test_03426,114.65822222340229
test_03427,9.213821580989388
test_03428,101.97797709632282
test_03429,259.30788318382264
test_03430,330.24125883437074
test_03431,74.37919309523748
test_03432,47.14686517005639
test_03433,51.88197581303562
test_03434,118.66657562802361
test_03435,52.64737291358134
test_03436,10.578338991957997
test_03437,30.11035620385006
test_03438,41.882629120081475
test_03439,11.109938115578078
test_03440,50.13861957016704
test_03441,7.180275246566596
test_03442,25.850336970669975
test_03443,96.97603060820883
test_03444,66.30552217086347
test_03445,6.745236048634983
test_03446,17.505133733648524
test_03447,59.01527986192747
test_03448,102.67299569457327
test_03449,92.98691724759153
test_03450,18.294432126354494
test_03451,9.396573695530515
test_03452,40.98547218345574
test_03453,57.20393692527574
test_03454,37.2935079989966
test_03455,78.77096182381217
test_03456,43.22294817028704
test_03457,30.01176302090269
test_03458,81.0661246516022
test_03459,12.506030605542051
test_03460,14.093846034305333
test_03461,36.147481404690886
test_03462,82.4609175856281
test_03463,64.5491748742959
test_03464,36.54140203429297
test_03465,13.775372334530648
test_03466,39.935691990157366
test_03467,54.48388031597601
test_03468,65.33680417248503
test_03469,77.14200835954536
test_03470,67.90218535506014
test_03471,51.101849202905704
test_03472,176.33498401632136
test_03473,190.8604300913766
test_03474,22.380625999161182
test_03475,9.852466604659082
test_03476,26.678338289435416
test_03477,50.941361610902895
test_03478,15.433094531007265
test_03479,40.12054068333828
test_03480,51.31719636501872
test_03481,21.04239763643153
test_03482,43.759853168111576
test_03483,164.47133582700752
test_03484,25.22030787305966
test_03485,28.86085677747659
test_03486,57.19713418242832
test_03487,70.60554090840856
test_03488,34.50417008989885
test_03489,44.71407980262522
test_03490,85.47891808401602
test_03491,89.03261433388211
test_03492,76.86677065051144
test_03493,56.5575981728258
test_03494,91.00050522996952
test_03495,53.77547657484206
test_03496,9.097822848918137
test_03497,15.808851610205284
test_03498,61.834947298185256
test_03499,44.52011838806498
test_03500,9.670637498846622
test_03501,93.2052330606551
test_03502,30.228503761567772
test_03503,43.79287340614272
test_03504,42.13420555711632
test_03505,65.00706599665554
test_03506,67.14073833919969
test_03507,65.72403316957819
test_03508,114.93840784328901
test_03509,85.14878845459336
test_03510,182.88695141739626
test_03511,63.81215821162522
test_03512,9.794184945436397
test_03513,50.24949470274564
test_03514,47.885006537948264
test_03515,59.2478498287644
test_03516,15.08927845616595
test_03517,37.62342992865546
test_03518,26.51509496621068
test_03519,34.888182380511395
test_03520,94.92884593447454
test_03521,141.73786423438142
test_03522,66.28926188546913
test_03523,58.142962727899565
test_03524,6.731226601684229
test_03525,17.933409719478266
test_03526,29.131661894676807
test_03527,79.2389038360361
test_03528,100.43177959109775
test_03529,118.63078270213498
test_03530,35.554708675884314
test_03531,22.213282079079605
test_03532,35.01500214377964
test_03533,124.89564937724991
test_03534,42.06786134557032
test_03535,85.94654573823256
test_03536,83.47619913300596
test_03537,59.252558683582144
test_03538,56.37832206222731
test_03539,112.02281066451192
test_03540,91.81579575089492
test_03541,65.14754107900103
test_03542,22.921432229714114
test_03543,46.55698416554056
test_03544,35.27745781339073
test_03545,42.48203658292828
test_03546,83.38198339726732
test_03547,135.6183142114558
test_03548,63.66933101588609
test_03549,8.471913790308687
test_03550,31.492747915679782
test_03551,60.28147009745575
test_03552,158.8417552331709
test_03553,172.40961835210575
test_03554,35.354541042964144
test_03555,37.23379836604012
test_03556,13.18386061181749
test_03557,91.1016233478832
test_03558,122.50884304143909
test_03559,46.73987964868563
test_03560,63.06018383322081
test_03561,93.0695962617157
test_03562,46.65785030614637
test_03563,58.43924646557436
test_03564,63.09919561567622
test_03565,102.21384582183416
test_03566,15.136427882289496
test_03567,50.94724229734485
test_03568,56.57599268538728
test_03569,81.65905505313307
test_03570,109.55352750238158
test_03571,38.311250235794695
test_03572,24.51632642762717
test_03573,14.023263949826463
test_03574,10.696001152436178
test_03575,23.61627158349734
test_03576,76.3753396947457
test_03577,64.13350843903629
test_03578,18.13362708861508
test_03579,57.56664645830303
test_03580,59.41311513198246
test_03581,37.363131251793476
test_03582,111.70223228302896
test_03583,87.80605706850638
test_03584,5.271286129544746
test_03585,21.893799212177967
test_03586,9.068902384995997
test_03587,22.849758998337066
test_03588,31.925239382312675
test_03589,22.25647262191479
test_03590,7.521249346806437
test_03591,19.26531221166216
test_03592,16.159396141395014
test_03593,148.50034865078007
test_03594,16.93356427478882
test_03595,44.9045086066758
test_03596,9.743584708064143
test_03597,8.584397590058165
test_03598,10.764682531174556
test_03599,32.59909643497869
test_03600,37.67391543315502
test_03601,75.05575206666083
test_03602,40.591803841903754
test_03603,146.75248486173274
test_03604,66.46827655020137
test_03605,32.79993408927563
test_03606,11.874103049511444
test_03607,25.044347043611957
test_03608,39.665929266788346
test_03609,94.05578288361797
test_03610,69.99518328473629
test_03611,28.2215637709684
test_03612,182.37643822672987
test_03613,32.25069735899933
test_03614,7.6776180848966815
test_03615,9.262229661624772
test_03616,33.32171856151565
test_03617,106.31242642485331
test_03618,201.58391428083345
test_03619,166.60862400285373
test_03620,99.40013507988249
test_03621,37.21540039059646
test_03622,54.38402268757145
test_03623,65.36938285319876
test_03624,48.462339190111706
test_03625,20.65359680387728
test_03626,43.64154942424289
test_03627,135.17479344154708
test_03628,53.219580080941626
test_03629,111.21283243018004
test_03630,177.52320077606424
test_03631,238.8281660999657
test_03632,144.55697930354222
test_03633,98.35055576397556
test_03634,71.30317083410816
test_03635,172.3876766303443
test_03636,87.57305156657341
test_03637,44.6995329706893
test_03638,11.429640277612117
test_03639,19.322891140807524
test_03640,44.80961309337643
test_03641,98.65180268597337
test_03642,9.567645388437525
test_03643,48.89726962661501
test_03644,5.83999700476858
test_03645,30.918843620020617
test_03646,10.354736217660435
test_03647,7.370003231806572
test_03648,72.49736443565143
test_03649,131.8510412977312
test_03650,260.036980274859
test_03651,237.0394939361306
test_03652,112.6819646729792
test_03653,111.1002271205833
test_03654,12.384777469103803
test_03655,84.3728710685875
test_03656,208.58254174760708
test_03657,63.57841171145142
test_03658,64.76397553778148
test_03659,48.25447003017316
test_03660,17.695855620005624
test_03661,21.219064891819343
test_03662,86.23235227772051
test_03663,62.693030304688236
test_03664,166.02766692089182
test_03665,26.93978330639035
test_03666,67.84964221889139
test_03667,8.938515750000407
test_03668,7.2623573736024465
test_03669,10.761937281783426
test_03670,79.42442957938809
test_03671,203.89244319067075
test_03672,356.00031944165016
test_03673,24.9080165692392
test_03674,96.62670927945732
test_03675,148.8668631908933
test_03676,6.84336356332982
test_03677,115.19986465364633
test_03678,120.25854131964377
test_03679,395.0760055852857
test_03680,71.38659878142555
test_03681,41.48586934873883
test_03682,108.02672348211834
test_03683,183.71375952026986
test_03684,7.61101709131374
test_03685,39.79381485880472
test_03686,105.1658726040396
test_03687,227.43069223698058
test_03688,10.03276439606541
test_03689,15.276675547408692
test_03690,7.132667981869507
test_03691,84.46493161451083
test_03692,229.25778416559754
test_03693,228.7361168389107
test_03694,172.93217471680967
test_03695,288.9935833550821
test_03696,370.5547032857685
test_03697,12.64386580798027
test_03698,84.30773581669865
test_03699,162.47482327298442
test_03700,178.8626127635255
test_03701,12.083279501025117
test_03702,147.1884230043603
test_03703,17.859969865746386
test_03704,191.31331707186263
test_03705,430.69821823811463
test_03706,91.0792101237871
test_03707,216.2654056110449
test_03708,423.1658989335107
test_03709,256.45938408357233
test_03710,192.43098019059744
test_03711,170.68689618683123
test_03712,20.07921692657678
test_03713,13.163812037255575
test_03714,6.432214158655186
test_03715,32.07839918198944
test_03716,97.62585602633
test_03717,13.148488574548505
test_03718,29.797621886854834
test_03719,89.72301475327721
test_03720,116.5416063243337
test_03721,173.60985629722845
test_03722,54.489159395841455
test_03723,7.15768695403146
test_03724,86.63104900909048
test_03725,14.183022822012475
test_03726,22.885601593429055
test_03727,71.23814489642533
test_03728,159.59997175412568
test_03729,258.69229757523146
test_03730,7.568474596567926
test_03731,571.9746125479189
test_03732,10.265854048899895
test_03733,9.662206419270465
test_03734,85.13953544830906
test_03735,7.280878261390646
test_03736,65.204415515715
test_03737,111.12633428704234
test_03738,264.8449396545931
test_03739,6.438172782986957
test_03740,6.989365842858346
test_03741,77.4964055249807
test_03742,9.055946459001488
test_03743,7.003381299839625
test_03744,7.938502428757476
test_03745,149.50272124159045
test_03746,143.93903692393124
test_03747,157.82224450744678
test_03748,223.33330487020683
test_03749,263.599343300391
test_03750,6.317593135457438
test_03751,88.03425274272563
test_03752,142.70792283760707
test_03753,6.100416876651002
test_03754,55.061468157611344
test_03755,92.45634514626497
test_03756,12.153493239116411
test_03757,32.188870852457256
test_03758,12.933038696989174
test_03759,29.345720400519554
test_03760,67.75236584374026
test_03761,6.051123145838553
test_03762,219.29368262871498
test_03763,153.80601367762407
test_03764,386.1483762736978
test_03765,80.75381596608176
test_03766,58.19238673471866
test_03767,125.67604861772865
test_03768,10.70185620540809
test_03769,9.99151755329499
test_03770,8.068100269626381
test_03771,18.079869405830493
test_03772,109.91010585215459
test_03773,10.434500159723756
test_03774,96.1726670215607
test_03775,290.25844886142266
test_03776,62.058837694571224
test_03777,47.104233427084495
test_03778,52.47932908519256
test_03779,124.76642799841231
test_03780,58.310403031188805
test_03781,8.785098442466175
test_03782,48.51169279824616
test_03783,52.98023886167046
test_03784,9.886300679122643
test_03785,54.12371871927198
test_03786,8.956688342752019
test_03787,8.976165594767197
test_03788,118.22325506079942
test_03789,68.15353310938292
test_03790,5.806505229546522
test_03791,64.1107211342214
test_03792,108.90903031651536
test_03793,98.21105055139526
test_03794,21.50151444029493
test_03795,8.942549482267328
test_03796,43.48317533575457
test_03797,69.5508605435837
test_03798,34.81060176604082
test_03799,85.22768138085159
test_03800,62.09687861734899
test_03801,89.61250707611742
test_03802,11.386971917292637
test_03803,12.562282833466348
test_03804,25.027354190356583
test_03805,78.06232063913012
test_03806,93.35694798648407
test_03807,47.22016906069902
test_03808,28.680835035505716
test_03809,57.46834424530368
test_03810,63.66811568655466
test_03811,57.81758557506475
test_03812,70.59324640486275
test_03813,105.04738539968456
test_03814,52.800609259129715
test_03815,175.4416402660818
test_03816,204.37015635114227
test_03817,19.755703730797713
test_03818,9.172434141861327
test_03819,32.6536084316451
test_03820,46.189926091918025
test_03821,10.898355765379712
test_03822,41.667941287357486
test_03823,74.74460643302282
test_03824,28.140865876258793
test_03825,42.19028986815939
test_03826,144.05332981506808
test_03827,12.254543501873204
test_03828,35.29416866720307
test_03829,60.582564507072846
test_03830,89.52245228675156
test_03831,41.86618864921466
test_03832,47.06060931440645
test_03833,82.81418501101828
test_03834,107.5830784091194
test_03835,80.45904734028119
test_03836,68.79198277551569
test_03837,86.95640739847423
test_03838,59.67034396150758
test_03839,12.112005609214805
test_03840,11.249111411610617
test_03841,81.77306703866236
test_03842,45.65915502321391
test_03843,15.27795213431892
test_03844,90.02048763683402
test_03845,29.58454747048159
test_03846,38.28863536158434
test_03847,37.12825356259558
test_03848,69.8082282503776
test_03849,75.40612724570667
test_03850,74.4908344349712
test_03851,109.36683019463075
test_03852,97.34969185256375
test_03853,209.03519892271376
test_03854,53.706879039886026
test_03855,23.989792379507698
test_03856,60.58224842766817
test_03857,55.484111417230245
test_03858,63.940620126094814
test_03859,14.688288765775098
test_03860,36.13996082918681
test_03861,21.325833787795922
test_03862,35.38525487010179
test_03863,102.4268673913339
test_03864,107.9624083406505
test_03865,71.61709370019774
test_03866,119.25156929771686
test_03867,6.459798112013429
test_03868,19.129723795849987
test_03869,76.39505654206133
test_03870,107.00130747720718
test_03871,121.66545426525559
test_03872,73.04448878693917
test_03873,24.370963457459574
test_03874,39.953690599661975
test_03875,117.51102974295027
test_03876,45.785205409955324
test_03877,89.44088158701535
test_03878,90.06090206475082
test_03879,62.57264211119886
test_03880,64.55310595393168
test_03881,120.42363022208323
test_03882,99.54162754187982
test_03883,68.91988194172897
test_03884,26.13644352198803
test_03885,38.287069272043865
test_03886,30.10070482445955
test_03887,35.21597479428517
test_03888,101.84477106263317
test_03889,107.41188764699343
test_03890,85.06429076451498
test_03891,9.391291179398952
test_03892,34.69392246490006
test_03893,57.90980161001138
test_03894,145.7093472343342
test_03895,141.33395450791744
test_03896,31.685756329851557
test_03897,42.85524678937867
test_03898,15.019070148146604
test_03899,116.64146832769181
test_03900,124.40118012730937
test_03901,32.70345386449107
test_03902,69.75049531115422
test_03903,169.01269599386075
test_03904,93.29509954015039
test_03905,87.94597163163547
test_03906,78.30257051121191
test_03907,123.66649603985677
test_03908,20.857589079345207
test_03909,59.68935675353802
test_03910,38.906487675346
test_03911,74.26868969161976
test_03912,91.61332121458304
test_03913,40.5407658966962
test_03914,30.141877263021875
test_03915,25.757721487008205
test_03916,11.320047920272023
test_03917,29.178101873971077
test_03918,99.58337345830228
test_03919,60.28213905408119
test_03920,35.85918129759296
test_03921,65.25054566256225
test_03922,67.77968854066233
test_03923,46.12155743933978
test_03924,89.73421966335619
test_03925,117.53485192583655
test_03926,7.80179902560711
test_03927,29.527960127849376
test_03928,7.224834841794247
test_03929,25.95259874594896
test_03930,40.14684108168726
test_03931,23.192642160057442
test_03932,7.198780429535294
test_03933,14.617321071755843
test_03934,21.659073816020083
test_03935,134.66511759612644
test_03936,37.07963674484679
test_03937,17.950831105423788
test_03938,48.24351289401234
test_03939,11.49445172853593
test_03940,9.873320845290209
test_03941,14.664565082851732
test_03942,33.59418985193213
test_03943,39.931681609806446
test_03944,82.87638283764046
test_03945,59.70165943880081
test_03946,158.5881191454207
test_03947,29.85692451981248
test_03948,36.18285017394056
test_03949,13.954649609802894
test_03950,34.079966700211685
test_03951,54.93122896172659
test_03952,93.6294471867721
test_03953,86.8826967361012
test_03954,176.04846142521504
test_03955,32.047757054038584
test_03956,12.484844808151442
test_03957,8.324843308601345
test_03958,46.69126866956694
test_03959,89.62331243020334
test_03960,199.61739395288612
test_03961,176.68858299528233
test_03962,97.54662057279481
test_03963,39.10917817233001
test_03964,55.12157265671167
test_03965,47.41805528769684
test_03966,46.391048443027756
test_03967,17.167200652649406
test_03968,49.18165783269263
test_03969,147.3013711923101
test_03970,48.680318789031254
test_03971,121.31622405774468
test_03972,236.94058884672054
test_03973,131.2563759052464
test_03974,133.67301843076308
test_03975,97.38577555117581
test_03976,63.40749967910048
test_03977,223.09684900904162
test_03978,59.15285213855851
test_03979,44.04558505665591
test_03980,10.833215891240513
test_03981,20.47305661834674
test_03982,65.73719235936443
test_03983,114.82282066622804
test_03984,10.928015416001537
test_03985,56.83224852767012
test_03986,6.244845581145575
test_03987,29.097550795191253
test_03988,12.815365456705848
test_03989,8.06974768835368
test_03990,75.65189901879461
test_03991,156.20709256890208
test_03992,258.31220299820575
test_03993,222.01275430225837
test_03994,116.86070545247975
test_03995,130.67886520405423
test_03996,14.673504944678943
test_03997,101.92746811846952
test_03998,186.98346362229444
test_03999,135.21052803318827
test_04000,62.213950341068596
test_04001,54.00075515269645
test_04002,19.865201739252946
test_04003,17.301044854929263
test_04004,70.02561372652205
test_04005,59.55355936077016
test_04006,184.0170880498327
test_04007,25.514443860274042
test_04008,69.16570335148226
test_04009,10.918840375144022
test_04010,7.836450126416852
test_04011,29.744706858322488
test_04012,90.90028090057434
test_04013,220.0649639564694
test_04014,356.7947456847762
test_04015,18.201888319412337
test_04016,121.0488514284912
test_04017,143.87160173042344
test_04018,8.586709508699721
test_04019,143.50183127661438
test_04020,258.240690004195
test_04021,484.9186402765833
test_04022,107.76922482519288
test_04023,42.1917960291153
test_04024,136.57173807441328
test_04025,229.37963830259037
test_04026,10.800515599632785
test_04027,18.89013962540072
test_04028,191.36310745487248
test_04029,226.68393442097363
test_04030,9.92525104979301
test_04031,13.801726719955829
test_04032,8.406838733156249
test_04033,239.3459040286857
test_04034,275.7802022538404
test_04035,250.5966930022325
test_04036,236.4203959637431
test_04037,429.30422990371943
test_04038,446.3200219261655
test_04039,14.156793403318668
test_04040,89.02390784221951
test_04041,139.82689127131422
test_04042,177.773464212671
test_04043,10.119320469239613
test_04044,157.82164763929708
test_04045,12.240635530398848
test_04046,375.83745030062335
test_04047,342.49286920122785
test_04048,377.9545692712405
test_04049,81.26861312427131
test_04050,314.7132244261321
test_04051,465.2661882911189
test_04052,256.40612647825446
test_04053,204.8688415510548
test_04054,190.46130004662544
test_04055,19.508330776384085
test_04056,14.53374452665944
test_04057,9.622625025809795
test_04058,60.212225637780705
test_04059,91.62159462460826
test_04060,12.88526660332983
test_04061,30.650608053399644
test_04062,84.88225740033812
test_04063,129.81990190662188
test_04064,174.19200099982152
test_04065,56.73380396033942
test_04066,8.874603894199563
test_04067,81.76076256246279
test_04068,10.360126686385357
test_04069,22.941518428489278
test_04070,102.75784628457232
test_04071,194.19499378806458
test_04072,352.48693815521176
test_04073,7.39592933825339
test_04074,457.09067734877726
test_04075,11.426568005693992
test_04076,7.924493436567048
test_04077,121.3071375443343
test_04078,8.992347958134948
test_04079,62.768764283038955
test_04080,103.94204969165622
test_04081,355.14329564838795
test_04082,6.714207031310175
test_04083,9.34685701422557
test_04084,44.39877735418838
test_04085,10.617968464606612
test_04086,8.314235013439585
test_04087,10.14762806274716
test_04088,139.71057873261609
test_04089,161.0652523003933
test_04090,210.7874533419794
test_04091,237.5296707639168
test_04092,263.6317568941462
test_04093,5.941607848050541
test_04094,107.14784585418438
test_04095,150.90121383910935
test_04096,6.984609454379032
test_04097,57.8991881558462
test_04098,93.70953698687714
test_04099,12.823668427972997
test_04100,24.888007758610573
test_04101,8.545630859594926
test_04102,26.045022341457663
test_04103,6.871006025336323
