id,PM2.5
test_00001,185.19080602235434
test_00002,158.01013526119928
test_00003,422.2615112740013
test_00004,70.09412795144893
test_00005,48.17480777123819
test_00006,118.44371417100419
test_00007,9.477992083293723
test_00008,7.291006977957554
test_00009,55.75064245122953
test_00010,134.30383849051614
test_00011,10.842385319674582
test_00012,121.87267676717826
test_00013,281.9976913484369
test_00014,332.7476344943177
test_00015,65.95375037284549
test_00016,47.131182274872245
test_00017,46.38256406900736
test_00018,130.08547829278191
test_00019,54.03439451084457
test_00020,10.017176190430835
test_00021,27.635827244397813
test_00022,36.95969752041686
test_00023,8.199471456760758
test_00024,47.31906778258597
test_00025,8.924705529852682
test_00026,9.135077269384713
test_00027,108.10000740906108
test_00028,70.21611108596133
test_00029,6.367147968503926
test_00030,7.515343382665627
test_00031,60.249004240308
test_00032,100.46747862534752
test_00033,93.38708027243952
test_00034,20.593635155463637
test_00035,8.08244514524017
test_00036,68.46093805999443
test_00037,95.45558166902163
test_00038,19.61354206464502
test_00039,33.628576729206294
test_00040,85.24329611062487
test_00041,9.240691907954023
test_00042,10.903201072807185
test_00043,24.841630894500284
test_00044,76.74070187157399
test_00045,74.0609961242864
test_00046,57.816208518337994
test_00047,21.808847637108713
test_00048,58.860286876885915
test_00049,55.830158635343885
test_00050,68.01533509917618
test_00051,86.1286145079306
test_00052,100.8369873273483
test_00053,55.998229516502924
test_00054,184.80214068154206
test_00055,191.30084749398375
test_00056,23.09144432367839
test_00057,9.668682116447107
test_00058,26.758337226591966
test_00059,59.96174750665083
test_00060,33.187340426178686
test_00061,39.81637363433913
test_00062,53.74198267272154
test_00063,22.799167109592595
test_00064,54.655727419988374
test_00065,138.89803132054902
test_00066,27.510958789565727
test_00067,33.26725543924014
test_00068,64.93893632136661
test_00069,69.56965478699266
test_00070,40.052793841484764
test_00071,45.49811021485299
test_00072,80.51900337597958
test_00073,123.40552376094877
test_00074,85.500901837118
test_00075,62.87741898367975
test_00076,77.23078942257344
test_00077,49.28557734011821
test_00078,10.444820270546925
test_00079,15.44775408289374
test_00080,62.81771094102975
test_00081,38.871828527495694
test_00082,10.627575956136033
test_00083,89.61003839950916
test_00084,32.149219482188535
test_00085,42.146137273142756
test_00086,43.959163206947714
test_00087,67.77114197478436
test_00088,75.55120407171445
test_00089,68.83463285234778
test_00090,122.03474342693349
test_00091,79.65501048238275
test_00092,200.13405159005538
test_00093,53.86998274548233
test_00094,8.64389581487127
test_00095,70.74273557964774
test_00096,41.654477904330484
test_00097,57.83685367086288
test_00098,14.852709502794053
test_00099,69.49999159055052
test_00100,19.473739536358416
test_00101,21.509802878384686
test_00102,124.11191435989558
test_00103,85.24396105627233
test_00104,154.91713346723523
test_00105,61.32840582802292
test_00106,114.18716254804866
test_00107,7.17749321419361
test_00108,18.49467813951052
test_00109,35.466049926053905
test_00110,69.90035458544926
test_00111,102.00940127022155
test_00112,120.67661799390756
test_00113,56.2593454166208
test_00114,22.38731249172095
test_00115,37.529521973471645
test_00116,115.54274677849884
test_00117,45.77176930557016
test_00118,86.66149768593795
test_00119,87.86487019916149
test_00120,71.13829761228983
test_00121,64.5699643171713
test_00122,108.2835988691593
test_00123,83.11718751320689
test_00124,53.87316852294552
test_00125,21.761698299446195
test_00126,60.06640792420018
test_00127,36.06672694297556
test_00128,37.026567927063276
test_00129,88.16397946173043
test_00130,112.07521255670675
test_00131,72.58961464620765
test_00132,9.67991335064431
test_00133,26.64853503461126
test_00134,65.0937275126554
test_00135,139.64771510108875
test_00136,123.08366719011806
test_00137,39.50503230762529
test_00138,16.66096484527613
test_00139,118.86092744291936
test_00140,111.63058266779878
test_00141,42.246790549628585
test_00142,77.72897381003092
test_00143,100.24347769378895
test_00144,56.94087036988516
test_00145,85.29464262832573
test_00146,75.06869292840666
test_00147,110.88209076109416
test_00148,13.239780866075314
test_00149,46.913982057538995
test_00150,49.17444351566213
test_00151,69.23879216751904
test_00152,98.68043165020974
test_00153,36.93795741732281
test_00154,34.93943087060797
test_00155,13.089679284258303
test_00156,8.667656422486242
test_00157,22.77381510752229
test_00158,80.34729804076271
test_00159,69.65415906335517
test_00160,22.489626260396467
test_00161,53.73281027826638
test_00162,61.81796692389214
test_00163,30.632987315693097
test_00164,83.43544872463617
test_00165,100.8669975470715
test_00166,8.810393425466923
test_00167,20.708362058379286
test_00168,10.003405839691816
test_00169,19.225789536048985
test_00170,22.940187134888994
test_00171,21.939767953718572
test_00172,6.5296143229000565
test_00173,14.360370001006324
test_00174,14.344915984933483
test_00175,143.55257583442122
test_00176,36.35376372553424
test_00177,11.948856827039558
test_00178,12.579594669401997
test_00179,8.803874230318861
test_00180,11.47334617300704
test_00181,29.158773134043052
test_00182,38.18000149451861
test_00183,69.75527779783704
test_00184,64.19300532480517
test_00185,153.72622358708892
test_00186,28.994094958886603
test_00187,31.98100062225288
test_00188,12.92337442310453
test_00189,17.959068583136816
test_00190,42.37184230723499
test_00191,89.82391077413797
test_00192,101.98526892581243
test_00193,27.278426844543137
test_00194,181.2319071184983
test_00195,28.688605902400198
test_00196,9.637306310843172
test_00197,35.61012368091966
test_00198,93.51204702910364
test_00199,203.85133209506472
test_00200,165.85138072175033
test_00201,101.62651790480807
test_00202,39.42511225434527
test_00203,61.40863270590359
test_00204,56.14801213327376
test_00205,53.06248709107472
test_00206,18.516148743082532
test_00207,43.70525704017613
test_00208,138.7410907092659
test_00209,50.383376308285754
test_00210,123.472400556877
test_00211,222.71061449669173
test_00212,264.4305338672561
test_00213,123.61254890289271
test_00214,94.95204078897551
test_00215,63.542692891787276
test_00216,183.96732757305966
test_00217,55.78650117243608
test_00218,40.0507714104085
test_00219,12.55378780732054
test_00220,22.386706384218595
test_00221,49.39057476304585
test_00222,117.68610545720914
test_00223,6.7928363273545385
test_00224,63.55157255987258
test_00225,6.603240267241372
test_00226,27.436080037887194
test_00227,9.255573213236802
test_00228,7.9877880534151515
test_00229,70.5452879759812
test_00230,114.91072925624717
test_00231,289.41661436467507
test_00232,220.33780828687412
test_00233,112.83644745475637
test_00234,99.50919901124531
test_00235,13.998968897936928
test_00236,92.27691017238072
test_00237,218.7472429141022
test_00238,35.46181551799925
test_00239,69.8217693968849
test_00240,56.340332368436215
test_00241,20.14822936745559
test_00242,28.475024132160282
test_00243,89.56654789294352
test_00244,65.58826197076938
test_00245,193.18757864995462
test_00246,26.551317729326943
test_00247,76.8727280692112
test_00248,8.923918497901008
test_00249,6.8871588738472
test_00250,11.54318148707597
test_00251,74.92741830385037
test_00252,190.47875937106016
test_00253,265.13056616240146
test_00254,21.843581801494548
test_00255,78.13358854542665
test_00256,148.95556960682228
test_00257,6.999765963367369
test_00258,127.0241680453031
test_00259,127.15728964122869
test_00260,527.8603298228747
test_00261,74.56219724704968
test_00262,31.508947309164203
test_00263,114.88616691337566
test_00264,195.09611460284154
test_00265,7.156246128905827
test_00266,17.376768664060606
test_00267,121.29159651966195
test_00268,231.1782384295547
test_00269,10.654659057272452
test_00270,15.193939807677515
test_00271,7.350758971777432
test_00272,70.4632449522365
test_00273,275.8230604462007
test_00274,202.86072855936948
test_00275,200.01805397452824
test_00276,421.00847261992425
test_00277,392.04125355382126
test_00278,16.405038976424528
test_00279,80.24262662611211
test_00280,168.97772885030588
test_00281,182.61454448712394
test_00282,13.598743419139922
test_00283,137.2198869646675
test_00284,14.170553410518515
test_00285,309.5250116338173
test_00286,281.09269345697777
test_00287,437.51209009726523
test_00288,75.61226423374387
test_00289,284.84388101486724
test_00290,346.12827447377566
test_00291,259.11307792803746
test_00292,182.88444651167538
test_00293,143.34607576001187
test_00294,20.121487093606145
test_00295,14.735358363029542
test_00296,5.991082883355763
test_00297,34.686640021238624
test_00298,77.63168217502738
test_00299,13.370285336887822
test_00300,31.547933284081267
test_00301,88.5874097537289
test_00302,119.51300518260645
test_00303,167.80029831710021
test_00304,57.737800707494245
test_00305,10.751992274477923
test_00306,72.09510701103076
test_00307,11.072862724465868
test_00308,22.59989545454139
test_00309,80.568672970718
test_00310,197.0644650963056
test_00311,300.77580676112484
test_00312,9.427671302223855
test_00313,530.5167840372321
test_00314,11.644644197404666
test_00315,7.792640262631718
test_00316,96.27824557383127
test_00317,8.61118033701964
test_00318,56.542456506611046
test_00319,91.60724238213584
test_00320,277.0500119097045
test_00321,7.7352575750869725
test_00322,6.86859982477347
test_00323,83.71869178260526
test_00324,10.128834872692439
test_00325,7.340434805502065
test_00326,8.971245904238405
test_00327,130.6196084811671
test_00328,140.31846310909697
test_00329,176.9836888904778
test_00330,259.58951057923036
test_00331,287.57599801791173
test_00332,6.188081424478256
test_00333,78.14068316218628
test_00334,162.6822292367867
test_00335,6.251869091014134
test_00336,49.18245460886701
test_00337,95.45152277829537
test_00338,14.229763927047237
test_00339,22.152950925211904
test_00340,9.837676679013297
test_00341,21.447862245209784
test_00342,7.244002583797408
test_00343,125.0189881266002
test_00344,183.75313560400758
test_00345,277.9662103376605
test_00346,52.42528454213926
test_00347,25.978404105920234
test_00348,83.56341490326987
test_00349,9.568396605075161
test_00350,9.739817803202909
test_00351,13.575913407449502
test_00352,19.959477314235315
test_00353,98.89332711139816
test_00354,12.791697790556427
test_00355,81.62930897357529
test_00356,234.67370217010995
test_00357,277.8200243970356
test_00358,63.233337321136155
test_00359,42.79313701414475
test_00360,27.708558101405995
test_00361,108.14732769451905
test_00362,53.444050293391065
test_00363,6.962333048956958
test_00364,10.287562869947946
test_00365,11.733666788914046
test_00366,7.160682649258555
test_00367,18.87650582175305
test_00368,6.31465642478408
test_00369,6.056589527353723
test_00370,64.47384100000409
test_00371,70.5202171283911
test_00372,6.058093761318806
test_00373,15.371941840896552
test_00374,37.582414143962154
test_00375,46.47024479632627
test_00376,78.24613454042385
test_00377,15.59178118681122
test_00378,8.681081194883426
test_00379,14.110919628794052
test_00380,51.380802821437676
test_00381,29.29077675003286
test_00382,98.88489833603023
test_00383,21.628550523270103
test_00384,35.83131738872067
test_00385,90.13299585799257
test_00386,9.51902749491864
test_00387,12.93255012794047
test_00388,23.45387308049999
test_00389,87.48874574852799
test_00390,69.30830733317201
test_00391,44.11759963650265
test_00392,12.139106291639841
test_00393,47.43450129215209
test_00394,82.81916736290327
test_00395,73.03728367342646
test_00396,68.60304674097806
test_00397,72.7605869543168
test_00398,51.265707624996516
test_00399,154.28856652497075
test_00400,29.609896077760926
test_00401,9.788156969220767
test_00402,16.772055552727835
test_00403,13.215198176995758
test_00404,17.261216221653
test_00405,66.58538108426315
test_00406,22.556384687883032
test_00407,38.81801262233317
test_00408,179.57564868244057
test_00409,19.059435544254985
test_00410,30.93852900902066
test_00411,59.23757507647628
test_00412,13.572037922151447
test_00413,17.944423006756264
test_00414,44.18182864110495
test_00415,81.912794871057
test_00416,101.59160211768109
test_00417,77.99017638492828
test_00418,44.56786862630455
test_00419,74.99668149189887
test_00420,27.3926506522393
test_00421,13.95088489679697
test_00422,15.438790057751945
test_00423,23.113766800040523
test_00424,68.61367011757629
test_00425,10.297682602584807
test_00426,70.09547456227462
test_00427,44.7389076400481
test_00428,54.665069471521235
test_00429,86.37429471395998
test_00430,97.97761418005867
test_00431,71.0577921599454
test_00432,68.32638334932734
test_00433,108.53902386749157
test_00434,73.06599695066215
test_00435,125.44290903811218
test_00436,47.45945259648481
test_00437,6.558611487810677
test_00438,51.970009842353086
test_00439,27.666379494286947
test_00440,31.45892673835065
test_00441,8.844118806437253
test_00442,18.831683080208542
test_00443,23.5916816705621
test_00444,24.766713398726075
test_00445,56.04398043445067
test_00446,134.0473583332487
test_00447,100.28415853477237
test_00448,61.04895446250376
test_00449,45.408738869596874
test_00450,14.0490745727068
test_00451,30.063130893538013
test_00452,79.15928125936163
test_00453,69.38757446072962
test_00454,114.39835990969594
test_00455,12.708484727719222
test_00456,19.607660929407174
test_00457,37.85180350620948
test_00458,102.0799536209414
test_00459,43.756812690962626
test_00460,82.57944659628544
test_00461,70.9313592512351
test_00462,67.66827565885855
test_00463,50.69191246394386
test_00464,88.62699362268592
test_00465,58.44084744970129
test_00466,40.868783922992264
test_00467,10.147609191399253
test_00468,44.474450790647104
test_00469,21.206378337599237
test_00470,31.78624337738303
test_00471,67.52344045781098
test_00472,105.47291577831614
test_00473,32.98481872043024
test_00474,7.482928021607974
test_00475,15.007391594724462
test_00476,81.02722314543826
test_00477,144.04815978320144
test_00478,69.5267213088874
test_00479,34.636324495104944
test_00480,24.98839964297564
test_00481,14.625704757034155
test_00482,70.18742020707924
test_00483,138.43114677519438
test_00484,29.30855116529102
test_00485,41.73439301476227
test_00486,57.92032655928248
test_00487,24.801383299948835
test_00488,43.39945008537994
test_00489,66.95345569882026
test_00490,91.54557815302958
test_00491,15.87616585221462
test_00492,39.04275358063122
test_00493,46.74615685020073
test_00494,91.23952621103824
test_00495,34.757941927221026
test_00496,25.146692952573595
test_00497,10.525363725250358
test_00498,17.36682874346112
test_00499,21.331172137829103
test_00500,63.819276729826235
test_00501,53.65225204459564
test_00502,17.149156672891003
test_00503,39.759438197911955
test_00504,45.48232015404974
test_00505,33.45699170899615
test_00506,66.28449103911528
test_00507,55.26632365211374
test_00508,5.566028759958209
test_00509,11.555596106418704
test_00510,6.529266470747922
test_00511,17.76555377986069
test_00512,16.73396274728245
test_00513,18.934303945068383
test_00514,10.551276954146699
test_00515,16.96419966490922
test_00516,15.632198327207648
test_00517,129.98755456635382
test_00518,36.31038495430159
test_00519,12.203899013267455
test_00520,49.369026612966316
test_00521,10.432660323898807
test_00522,9.517787058732862
test_00523,12.456789587351992
test_00524,21.052410664456943
test_00525,26.389136478587396
test_00526,105.6965610638134
test_00527,27.77928838441622
test_00528,53.13072488556348
test_00529,32.667068772182596
test_00530,27.827655745888155
test_00531,10.021780147414901
test_00532,14.00815203574344
test_00533,24.29107538165632
test_00534,79.19592629692059
test_00535,98.52764441711966
test_00536,13.037861776015308
test_00537,115.23582341612429
test_00538,21.75743640366207
test_00539,12.291404989788884
test_00540,8.76060612120833
test_00541,33.525267604527684
test_00542,103.4776146492412
test_00543,170.1893153201596
test_00544,161.26227531661058
test_00545,107.25770799541138
test_00546,46.21789432708199
test_00547,54.206568469800416
test_00548,63.46330145273692
test_00549,37.35349268287661
test_00550,20.12930358255022
test_00551,56.403546731915824
test_00552,107.68566335438895
test_00553,71.42525396087285
test_00554,117.99789483864124
test_00555,153.3066047829031
test_00556,235.10135285330688
test_00557,159.41075839836657
test_00558,20.47572377876232
test_00559,86.15885390752749
test_00560,144.25355280433237
test_00561,112.94402012795926
test_00562,35.05160799267501
test_00563,9.84833143414269
test_00564,28.331859585617885
test_00565,55.81336140003853
test_00566,104.63518111847809
test_00567,12.92282316085067
test_00568,43.311671100612514
test_00569,6.758826390482464
test_00570,28.594623041152726
test_00571,9.945115220204869
test_00572,9.093117943372674
test_00573,66.88758747676276
test_00574,34.1924936364215
test_00575,270.45174713540956
test_00576,227.2726320344441
test_00577,176.43027233936516
test_00578,74.05484009527721
test_00579,17.52789192624098
test_00580,53.95190605048283
test_00581,221.44087577062237
test_00582,35.724646318262074
test_00583,52.51666381551103
test_00584,54.30296677585118
test_00585,46.58973428832892
test_00586,17.14077511960422
test_00587,89.72543869912035
test_00588,107.78613410956181
test_00589,183.46530230204564
test_00590,21.305924155302613
test_00591,62.37903597516453
test_00592,11.782994011982762
test_00593,9.184615415958042
test_00594,11.33073492935195
test_00595,64.15447901145885
test_00596,132.162268738735
test_00597,236.65520425716235
test_00598,24.21146123249744
test_00599,73.53126080813533
test_00600,112.52698298856212
test_00601,18.5713553548454
test_00602,25.987560030210663
test_00603,76.83643478629058
test_00604,179.01762531848257
test_00605,154.27038267230319
test_00606,29.245151054442385
test_00607,105.41350903682265
test_00608,174.58324655952137
test_00609,12.139804600607087
test_00610,75.32155041252315
test_00611,74.84302160892526
test_00612,206.6980126063122
test_00613,44.36925504268679
test_00614,10.095304174199466
test_00615,11.11441859368413
test_00616,90.81102684807905
test_00617,176.12238805259707
test_00618,231.8765055956682
test_00619,209.16373933716744
test_00620,316.15472727847276
test_00621,414.8123930768262
test_00622,12.538157993308875
test_00623,64.11487429008895
test_00624,227.54049248364814
test_00625,219.1903190555958
test_00626,11.598831596219421
test_00627,87.04124420275275
test_00628,9.084162976751188
test_00629,59.69491284027394
test_00630,116.6923060852511
test_00631,392.0690948833319
test_00632,12.41890587816801
test_00633,139.622655666835
test_00634,175.72011310697127
test_00635,195.86290640787567
test_00636,175.14186166433683
test_00637,248.27947096882008
test_00638,21.383305423334072
test_00639,10.161647229538948
test_00640,8.829966650443888
test_00641,22.346630447898935
test_00642,29.40234982669232
test_00643,11.418870983385919
test_00644,24.296218855670887
test_00645,98.39319260258357
test_00646,112.02756313961454
test_00647,168.21492164311675
test_00648,53.91608265506066
test_00649,9.79217503941816
test_00650,49.80365674930672
test_00651,13.682793969146939
test_00652,30.679240667638123
test_00653,42.96981829741341
test_00654,124.42254212448313
test_00655,207.48846114951522
test_00656,7.1919935874195335
test_00657,291.84916494387056
test_00658,8.996877838466183
test_00659,12.273236192503107
test_00660,73.86288606498839
test_00661,10.427807369288843
test_00662,98.73624157497837
test_00663,119.47027792559336
test_00664,252.88449328825305
test_00665,9.474424806176541
test_00666,10.550360157821363
test_00667,78.59871614212248
test_00668,8.26261196740093
test_00669,7.61205230403957
test_00670,12.054921895873763
test_00671,78.05725768675912
test_00672,86.69263611256021
test_00673,103.20380166649271
test_00674,230.38165948325397
test_00675,262.35305746811235
test_00676,8.261459694388229
test_00677,62.54855648552266
test_00678,126.43752843344447
test_00679,5.500634206684848
test_00680,33.78777363992329
test_00681,106.49146467786123
test_00682,14.640172107522776
test_00683,21.761008009118257
test_00684,11.98282273485695
test_00685,46.24914318767381
test_00686,71.83859914252528
test_00687,7.362896295698717
test_00688,157.98671995706235
test_00689,188.27963344045455
test_00690,358.9714572193431
test_00691,59.56738306773679
test_00692,29.987058358047946
test_00693,44.06046903063194
test_00694,6.648170663412736
test_00695,6.747189957324093
test_00696,8.45384924432919
test_00697,13.788253742727102
test_00698,99.74444813716694
test_00699,9.778704264126347
test_00700,99.08420670198015
test_00701,233.31618331981912
test_00702,307.20855279812673
test_00703,60.58992488831269
test_00704,51.75430126245858
test_00705,45.51954600269463
test_00706,143.84850415755474
test_00707,79.17789927894208
test_00708,5.756310197493615
test_00709,8.568395325121978
test_00710,10.44253099950145
test_00711,5.9272240657131485
test_00712,20.091307460834994
test_00713,6.687030556443452
test_00714,5.909759516805925
test_00715,63.903316824593986
test_00716,114.30897811090298
test_00717,6.854116524953225
test_00718,7.249205949144456
test_00719,36.226180628862764
test_00720,49.89565132966324
test_00721,76.35178118732915
test_00722,22.406111233236757
test_00723,9.473818786886532
test_00724,19.607771336539134
test_00725,65.40932318798805
test_00726,41.83017212986266
test_00727,97.96219158036689
test_00728,15.700803686785065
test_00729,41.558967294278965
test_00730,95.2647581118151
test_00731,9.10668870713835
test_00732,8.367893821082417
test_00733,17.382357774779305
test_00734,115.71464816044251
test_00735,66.44932910191453
test_00736,53.45124996050644
test_00737,9.502310320835583
test_00738,48.14919965031895
test_00739,105.124031411076
test_00740,86.1045372384511
test_00741,67.79924586641941
test_00742,49.01208039706113
test_00743,45.27692873738021
test_00744,147.2916007549373
test_00745,209.2501392471151
test_00746,26.282218358003593
test_00747,30.18284392347202
test_00748,97.92390017244752
test_00749,12.171597843815018
test_00750,16.499788280420585
test_00751,52.50635326731678
test_00752,21.012423115710426
test_00753,41.115238317904
test_00754,164.9278406572674
test_00755,19.944074669386307
test_00756,28.72947500542928
test_00757,45.98548459052929
test_00758,8.548501516780256
test_00759,14.588221696268873
test_00760,46.25680821067179
test_00761,71.43193070022112
test_00762,92.6291246968857
test_00763,64.29805303378932
test_00764,35.697819037575236
test_00765,60.24830975316648
test_00766,18.385942923098142
test_00767,13.531497449100087
test_00768,13.40717718541193
test_00769,18.38306292446183
test_00770,67.58224215801182
test_00771,9.90129255114686
test_00772,78.1450536923636
test_00773,38.30914804999392
test_00774,25.83507261385737
test_00775,49.94789027119056
test_00776,98.05314813491582
test_00777,69.01473187871127
test_00778,77.71637718483966
test_00779,91.6890422205078
test_00780,56.3820718345067
test_00781,104.89324494183398
test_00782,51.38701987715152
test_00783,5.613296488544874
test_00784,14.009072022922963
test_00785,27.68109459499599
test_00786,26.89709038754905
test_00787,8.173059742708574
test_00788,18.005053882353323
test_00789,15.14481746260381
test_00790,19.686245201993803
test_00791,47.93097873679618
test_00792,137.6215909443484
test_00793,65.50705086045565
test_00794,53.733201962035494
test_00795,14.315646583504275
test_00796,5.6671472252623545
test_00797,22.345973737561415
test_00798,42.03330702721843
test_00799,83.18508538801834
test_00800,78.40951844944873
test_00801,112.22721398840422
test_00802,10.372203281456832
test_00803,12.647636915018815
test_00804,22.289820572019813
test_00805,86.23111809751144
test_00806,54.062669886277234
test_00807,80.6266939044784
test_00808,60.21164911248702
test_00809,85.3334734040633
test_00810,72.09528818531233
test_00811,106.98261154133087
test_00812,64.95300612115004
test_00813,39.47265194070818
test_00814,9.598893151600933
test_00815,45.072032368657815
test_00816,14.79974178343597
test_00817,21.39351630700851
test_00818,70.11267835160149
test_00819,104.80563119291519
test_00820,41.9889492096911
test_00821,8.15113353341193
test_00822,14.141917280147252
test_00823,89.54521269551718
test_00824,145.21808186239838
test_00825,75.98216805543143
test_00826,10.912079663109381
test_00827,28.43977106007291
test_00828,15.081965446822007
test_00829,66.86434289308554
test_00830,141.76566139066213
test_00831,37.00860423659959
test_00832,35.708379719526896
test_00833,51.336300849884125
test_00834,29.89625679744701
test_00835,43.85350889835308
test_00836,62.48780861341047
test_00837,91.74175505367784
test_00838,15.256468597377289
test_00839,34.51019948448201
test_00840,45.20999483198421
test_00841,97.86658809004841
test_00842,107.08462457400307
test_00843,5.921805724280811
test_00844,19.731846024740356
test_00845,11.039520953226104
test_00846,9.12007400877459
test_00847,25.955750578261295
test_00848,52.03392725524688
test_00849,41.70858863605608
test_00850,16.373271780018165
test_00851,30.157206272088132
test_00852,49.94196767486704
test_00853,32.26429775855431
test_00854,62.93341482497795
test_00855,48.87372463600503
test_00856,4.6024213203821915
test_00857,9.929724771009402
test_00858,5.027313857859362
test_00859,9.401012574620895
test_00860,16.68086253235399
test_00861,17.213987626754044
test_00862,5.662861637940361
test_00863,10.582831546065101
test_00864,11.608753009801525
test_00865,118.21825142412685
test_00866,26.511140453334882
test_00867,12.18854209031035
test_00868,46.958538822991905
test_00869,9.610051787117106
test_00870,10.911161919286268
test_00871,11.83013343351616
test_00872,17.98832855387373
test_00873,19.39571304778689
test_00874,113.98262061982247
test_00875,24.129068999587627
test_00876,40.376859870817555
test_00877,24.1217424867669
test_00878,22.54812494928448
test_00879,7.893218947649401
test_00880,9.447194570933785
test_00881,73.19344868379825
test_00882,18.078837995599233
test_00883,112.99026069165033
test_00884,16.214287190238608
test_00885,8.296474016439115
test_00886,5.6828228717032
test_00887,26.426250992891365
test_00888,95.76318490111842
test_00889,169.5965589141349
test_00890,149.29579034489853
test_00891,90.52356464882774
test_00892,41.791412348418696
test_00893,68.55521141808971
test_00894,68.26074668872536
test_00895,34.463640818145166
test_00896,146.42292499213153
test_00897,146.8450304055289
test_00898,11.642023929322324
test_00899,71.27816369822253
test_00900,158.64424700544973
test_00901,111.49149021433203
test_00902,32.515404913625645
test_00903,6.075178602327461
test_00904,15.159880860386052
test_00905,46.787862753637974
test_00906,19.186560789590928
test_00907,33.56884459301145
test_00908,5.5963440189490825
test_00909,31.63029668447286
test_00910,8.736239540719806
test_00911,9.884366085155426
test_00912,61.979443494331925
test_00913,29.33838483454545
test_00914,183.1435932938471
test_00915,254.3454476750586
test_00916,181.96545625194523
test_00917,52.16834856275784
test_00918,6.428613478779303
test_00919,55.4856452369068
test_00920,218.64033080525385
test_00921,16.338859736484338
test_00922,23.160276755998208
test_00923,51.29729428476224
test_00924,32.142662785685886
test_00925,24.212172150986653
test_00926,79.3839417732286
test_00927,109.73752100254188
test_00928,180.90130927841938
test_00929,18.120403044685
test_00930,59.788592983640875
test_00931,9.249279693506708
test_00932,7.983256347077566
test_00933,9.342831897282457
test_00934,76.12430946400484
test_00935,122.59490109012651
test_00936,252.7109238266687
test_00937,9.614290404282881
test_00938,71.98693523579581
test_00939,96.96819892795766
test_00940,6.848459636266934
test_00941,12.499372907984029
test_00942,59.352889600711094
test_00943,181.25485754318117
test_00944,135.57831324827697
test_00945,22.13247800117882
test_00946,55.859271315338425
test_00947,146.627363416044
test_00948,10.863409071587494
test_00949,26.400837130835704
test_00950,73.4212337664669
test_00951,201.0691572885075
test_00952,81.91598981404722
test_00953,11.417724429322119
test_00954,7.390722096708702
test_00955,94.25582185074141
test_00956,144.2544836039139
test_00957,225.73760575082648
test_00958,209.85358816148724
test_00959,373.95443067357314
test_00960,407.72441079650366
test_00961,8.01556224128534
test_00962,44.1956740175472
test_00963,198.7681023062418
test_00964,198.09081981331337
test_00965,10.813929330508548
test_00966,79.5635409200445
test_00967,11.23813617246886
test_00968,64.0597240953747
test_00969,131.4446625907549
test_00970,207.96653168512353
test_00971,12.499751834919774
test_00972,135.71850100820345
test_00973,83.22697034338026
test_00974,227.5043619042248
test_00975,169.4441712628479
test_00976,225.57668550454628
test_00977,21.57579086798139
test_00978,10.772976705971507
test_00979,7.328691344150499
test_00980,13.626112152534581
test_00981,21.56854044936481
test_00982,13.177386867801316
test_00983,27.617650405094942
test_00984,108.52896099988747
test_00985,124.39890451189449
test_00986,134.25956726924667
test_00987,46.13887443208178
test_00988,5.7300693661759805
test_00989,58.47314445845478
test_00990,9.141034417552834
test_00991,32.91118347531248
test_00992,45.1542397430852
test_00993,140.17023267021034
test_00994,202.85484234712854
test_00995,7.617724643669899
test_00996,303.2938923977211
test_00997,8.559618892676717
test_00998,6.18301960173775
test_00999,67.0062615251698
test_01000,6.181413442425037
test_01001,74.95513195820389
test_01002,110.07360198694552
test_01003,246.34855400520658
test_01004,9.056677172405807
test_01005,8.678772188536948
test_01006,79.03238975601246
test_01007,9.001290601822413
test_01008,6.936453211743435
test_01009,8.09604879079567
test_01010,67.63286766768785
test_01011,89.26341882052587
test_01012,61.17184618051088
test_01013,220.0425167963918
test_01014,244.79239461603854
test_01015,5.823185174792021
test_01016,58.10705382910694
test_01017,120.47001932453006
test_01018,6.038961360262646
test_01019,30.430592299370822
test_01020,91.28180548435627
test_01021,9.323661055605168
test_01022,15.140222112884928
test_01023,12.253175589485952
test_01024,23.960714610417597
test_01025,75.59213574968308
test_01026,6.59715579611132
test_01027,202.18334751991836
test_01028,142.49936960441408
test_01029,372.08816359682555
test_01030,61.59175077457122
test_01031,50.76437533552909
test_01032,107.70955115203857
test_01033,8.24554244317546
test_01034,6.740600915869189
test_01035,9.247326022032953
test_01036,22.946842987682142
test_01037,123.45032856132609
test_01038,10.342819020493602
test_01039,125.5921241668798
test_01040,296.4771027574999
test_01041,303.2684747378004
test_01042,61.3629071758005
test_01043,45.156693076819614
test_01044,55.29801989879459
test_01045,137.46166262707618
test_01046,54.828226086388355
test_01047,11.951930131066332
test_01048,44.52516960151678
test_01049,10.24374754986579
test_01050,50.64118739385117
test_01051,10.660427058222833
test_01052,10.311920033301664
test_01053,120.59996794239697
test_01054,68.65620541763093
test_01055,6.22428548223444
test_01056,7.718742222161321
test_01057,72.36017155296398
test_01058,109.18325266492457
test_01059,109.27430144902046
test_01060,26.161966498818803
test_01061,13.77273010621819
test_01062,56.33956969604536
test_01063,67.80079903794775
test_01064,44.23354282868033
test_01065,96.06427186323467
test_01066,59.08124531929535
test_01067,39.47101886241995
test_01068,102.1733023182524
test_01069,9.285194060921626
test_01070,14.92209040050652
test_01071,27.505303749005044
test_01072,82.65083417471998
test_01073,91.34257129451682
test_01074,60.93059596141942
test_01075,25.80542574113547
test_01076,74.66338037428795
test_01077,73.18975207500672
test_01078,92.10922063801651
test_01079,98.5131392899487
test_01080,62.58960816200699
test_01081,217.19428928930935
test_01082,28.309207937362196
test_01083,16.668499062355696
test_01084,61.030404266246585
test_01085,48.64797340307238
test_01086,40.00392404070531
test_01087,66.48622640334732
test_01088,24.432882577758658
test_01089,58.87409935078185
test_01090,168.44000548025755
test_01091,33.075440823399624
test_01092,38.58062242135447
test_01093,66.14834338741016
test_01094,57.23747604059116
test_01095,44.338128915744576
test_01096,51.39989807351191
test_01097,89.77968105345421
test_01098,134.07331349273773
test_01099,86.35246166104318
test_01100,71.06071797738063
test_01101,86.97018558932733
test_01102,55.17319846243783
test_01103,9.816412466708528
test_01104,21.552927236765633
test_01105,86.58703276195519
test_01106,49.866803909687505
test_01107,15.339511233140799
test_01108,103.77984806133031
test_01109,40.19585055785889
test_01110,45.881602677335934
test_01111,47.9707642653067
test_01112,73.25372241972676
test_01113,129.20914615704498
test_01114,91.78480024886373
test_01115,189.3226677499626
test_01116,53.80234115848759
test_01117,12.753931655350117
test_01118,64.9416036300703
test_01119,53.929312654765425
test_01120,58.63314322277685
test_01121,15.099896347775548
test_01122,38.07976729927807
test_01123,30.95022752732299
test_01124,39.3537951505443
test_01125,113.70645533386703
test_01126,88.04759306802568
test_01127,167.03373780829637
test_01128,62.601265562845185
test_01129,126.02231587001893
test_01130,6.390230120918205
test_01131,20.671819042475708
test_01132,33.247671513270035
test_01133,79.92763913926512
test_01134,106.99952562901929
test_01135,123.35290511309123
test_01136,70.00539644203236
test_01137,31.40906608753234
test_01138,45.013489901683656
test_01139,135.5056671041704
test_01140,43.15891452184134
test_01141,91.00295417982584
test_01142,92.3421790512168
test_01143,84.5711130409019
test_01144,90.92575554366925
test_01145,153.42091914126507
test_01146,115.27305702113257
test_01147,22.216714166568664
test_01148,29.58059655872601
test_01149,31.747221917073478
test_01150,35.26265112010236
test_01151,99.4003203013875
test_01152,107.48474220403456
test_01153,96.29126653336812
test_01154,9.22429947904421
test_01155,31.80893166539423
test_01156,67.32024505278025
test_01157,29.75924287564226
test_01158,49.12953703833452
test_01159,121.65445638708887
test_01160,45.437747956050515
test_01161,68.46129649621885
test_01162,172.64819665046312
test_01163,86.81976682865657
test_01164,103.79339952403227
test_01165,75.0619511742123
test_01166,130.5183446923271
test_01167,22.42961008948231
test_01168,55.381998879855956
test_01169,46.06230288843864
test_01170,78.04580604722887
test_01171,92.28081170099155
test_01172,42.724522052096766
test_01173,34.34171322078819
test_01174,15.344956298209672
test_01175,9.915414272481405
test_01176,31.045319509797377
test_01177,93.894873400972
test_01178,70.34947920954322
test_01179,28.985491588022285
test_01180,69.12066538627585
test_01181,68.58350786636119
test_01182,41.11317340106013
test_01183,90.5207101388873
test_01184,120.19506963390766
test_01185,10.918299942594137
test_01186,27.935494912666595
test_01187,11.835385127083415
test_01188,20.358023177263387
test_01189,31.63769374602186
test_01190,22.99524523205426
test_01191,6.951831625888983
test_01192,13.826732400096684
test_01193,16.308946994582275
test_01194,136.05410198309625
test_01195,33.888358922187145
test_01196,12.897574768542302
test_01197,47.190504560119194
test_01198,16.289687866820266
test_01199,11.0599524366979
test_01200,14.41775766492931
test_01201,34.961334665115665
test_01202,27.612946019710357
test_01203,68.97179943267783
test_01204,64.36965017681446
test_01205,160.17080774313033
test_01206,30.409068358711313
test_01207,34.131739481217444
test_01208,15.167737733569437
test_01209,29.048585343880717
test_01210,49.74146172917022
test_01211,88.70480382083885
test_01212,112.35966543825644
test_01213,33.42629678572293
test_01214,190.07758109935924
test_01215,42.88168624564331
test_01216,11.85064078876144
test_01217,9.270803391494752
test_01218,43.95724739847117
test_01219,98.06642418726707
test_01220,226.6181220425034
test_01221,185.7038241899106
test_01222,110.95150655174201
test_01223,65.33534735222013
test_01224,55.29736015615414
test_01225,51.456531552941
test_01226,20.249509181836927
test_01227,50.921557253573134
test_01228,170.46563274214301
test_01229,49.83908895399271
test_01230,127.50214939042193
test_01231,302.3475318062408
test_01232,133.3644056053431
test_01233,103.41886667157893
test_01234,62.8481186234942
test_01235,209.656964019521
test_01236,64.30589322766056
test_01237,46.62517995876473
test_01238,9.979855957055237
test_01239,18.355923534654234
test_01240,52.56067256468476
test_01241,128.38796722153282
test_01242,7.262456556324819
test_01243,5.914504502978893
test_01244,30.280320715511174
test_01245,9.912018218795755
test_01246,10.487240558320499
test_01247,74.6500679484061
test_01248,162.30048703581923
test_01249,297.9196949905118
test_01250,251.03137551204225
test_01251,117.27165403560116
test_01252,117.01031505148637
test_01253,12.527492510689973
test_01254,97.1196063273838
test_01255,198.13833833399414
test_01256,112.08193768593372
test_01257,65.30911092950112
test_01258,54.92419428833348
test_01259,19.46579078222454
test_01260,16.3404896553935
test_01261,90.76711272918142
test_01262,68.03711460667101
test_01263,193.22235923554302
test_01264,25.781305389752724
test_01265,78.97497330657959
test_01266,10.25823261886593
test_01267,6.8784988074353235
test_01268,24.739854178948413
test_01269,96.51692456943508
test_01270,214.0064576624702
test_01271,307.4143586332133
test_01272,21.41842762196912
test_01273,128.88118071384108
test_01274,153.67113198745946
test_01275,7.634883040555237
test_01276,121.50648467056551
test_01277,185.76501781650694
test_01278,554.0428176004393
test_01279,71.34435778268849
test_01280,42.01784668600275
test_01281,119.00771720352613
test_01282,225.40427492512987
test_01283,9.394367547751878
test_01284,17.079452799503574
test_01285,209.10908968080156
test_01286,236.79415046670397
test_01287,10.784457699804875
test_01288,13.084674814803869
test_01289,8.086088763594692
test_01290,109.93357106345557
test_01291,290.75728307751484
test_01292,214.42909357773567
test_01293,240.00760881597589
test_01294,411.60463201419043
test_01295,494.93531236031515
test_01296,16.70876383310051
test_01297,97.33958189228892
test_01298,151.6792842015041
test_01299,185.34276316081036
test_01300,10.468106443710779
test_01301,141.58241328589995
test_01302,16.116015818905158
test_01303,387.17293327799257
test_01304,369.1050258153849
test_01305,393.3349641572814
test_01306,75.19293268821407
test_01307,350.8909346349293
test_01308,361.6756590950478
test_01309,273.8048713908609
test_01310,177.4870727220365
test_01311,148.94962629407
test_01312,22.860154420396963
test_01313,14.844637248172765
test_01314,7.359052880432677
test_01315,45.736337091607496
test_01316,87.95962865333811
test_01317,11.747782147072252
test_01318,34.666984447276
test_01319,92.86479687597874
test_01320,139.18334575605496
test_01321,181.74722017303043
test_01322,55.077374904537415
test_01323,8.232990487607099
test_01324,78.09208111984182
test_01325,15.889590415618056
test_01326,30.568066372938773
test_01327,101.05736079157829
test_01328,198.29626768545916
test_01329,303.2250701410584
test_01330,10.683661961732199
test_01331,480.6300385550552
test_01332,11.545184634114491
test_01333,12.03527002894251
test_01334,78.87764745418036
test_01335,7.174053400025482
test_01336,95.53466366587658
test_01337,313.14964268516445
test_01338,7.726118432633357
test_01339,7.762126456511525
test_01340,63.514170231461115
test_01341,14.598637121419204
test_01342,11.447592410943052
test_01343,14.079514292011586
test_01344,139.32574529659095
test_01345,166.50689866090337
test_01346,211.42789044557654
test_01347,269.16757233130784
test_01348,261.2394096284318
test_01349,6.803310410827333
test_01350,95.89649531333394
test_01351,163.05919303713787
test_01352,7.137333999048243
test_01353,46.77374889140061
test_01354,99.76333013105592
test_01355,13.160078079949232
test_01356,17.230038776822234
test_01357,10.796222787469132
test_01358,23.322323248791037
test_01359,105.06501317164414
test_01360,7.613825587263897
test_01361,176.36387092567378
test_01362,149.2355125442465
test_01363,365.6691542259772
test_01364,68.89117084120916
test_01365,54.158738457627685
test_01366,89.85462825622204
test_01367,6.826767174605209
test_01368,7.078948461504106
test_01369,8.205205788791922
test_01370,18.739629118980226
test_01371,115.16452712640377
test_01372,10.194385755502461
test_01373,107.83262788516929
test_01374,280.8422945568429
test_01375,320.12851381313703
test_01376,65.62500017382611
test_01377,45.75316449208309
test_01378,50.69220275195291
test_01379,130.90449619365316
test_01380,60.902011896635436
test_01381,11.38361893810243
test_01382,35.7749729990598
test_01383,42.05115600012486
test_01384,10.84978870663904
test_01385,46.927304795681025
test_01386,9.415065496525841
test_01387,9.356001510446067
test_01388,127.07166344882475
test_01389,74.82747279581498
test_01390,6.101513810650174
test_01391,10.750855429219635
test_01392,60.12935281406118
test_01393,108.21703157709632
test_01394,113.98911061383328
test_01395,27.141103876609634
test_01396,10.747706366318603
test_01397,59.17132834384338
test_01398,67.18375176929956
test_01399,86.04171987656271
test_01400,72.30308506711367
test_01401,42.560768823717694
test_01402,91.84597059100761
test_01403,13.043587646787147
test_01404,16.90293405752431
test_01405,31.742865234743004
test_01406,80.98026156921253
test_01407,83.46194907525546
test_01408,53.906786059012916
test_01409,20.913221070518187
test_01410,57.00638529640897
test_01411,62.778586749116705
test_01412,70.31054860594855
test_01413,85.77591659912443
test_01414,116.86940898616623
test_01415,59.26267842742546
test_01416,192.55811159115635
test_01417,206.80366351088816
test_01418,25.425308835429092
test_01419,26.635961495799705
test_01420,60.282019647578316
test_01421,18.99883937548122
test_01422,29.570121710968753
test_01423,59.38460403279938
test_01424,26.065150491506763
test_01425,50.63273966618368
test_01426,176.46062265803408
test_01427,25.87261122416975
test_01428,28.946835621476026
test_01429,67.1275429953135
test_01430,51.15866088610184
test_01431,39.64942935014833
test_01432,49.72798299848233
test_01433,89.85606898194668
test_01434,97.11975855559956
test_01435,90.04485557085873
test_01436,67.13229877190656
test_01437,86.6838816770752
test_01438,56.97577834748589
test_01439,15.673191511853517
test_01440,16.60070435153556
test_01441,65.52729119900123
test_01442,39.492154874907044
test_01443,8.364445353238017
test_01444,99.73138922433468
test_01445,42.66024699240368
test_01446,49.07695089082554
test_01447,53.61652041147908
test_01448,75.20510415315145
test_01449,77.57421696245139
test_01450,80.4366556738988
test_01451,129.84767314246298
test_01452,97.57186498801163
test_01453,200.99141709692512
test_01454,52.97245027016374
test_01455,10.922052288124604
test_01456,65.11263578541502
test_01457,40.73633448628484
test_01458,63.83604450873275
test_01459,17.123979136369833
test_01460,35.785595292963656
test_01461,32.71475826696445
test_01462,38.31799008462663
test_01463,116.4957954473581
test_01464,99.21890843928674
test_01465,169.86248944552602
test_01466,72.29058189662867
test_01467,99.65442706469945
test_01468,6.623589377913388
test_01469,18.738226298733938
test_01470,33.21634232818395
test_01471,79.44131652672225
test_01472,108.85266525796622
test_01473,123.96488563611496
test_01474,70.82586540712447
test_01475,27.28074953669403
test_01476,36.11895235695347
test_01477,124.63672245651112
test_01478,43.47600541160754
test_01479,90.06510823307708
test_01480,107.78907764029731
test_01481,65.1543569972416
test_01482,69.88237190886642
test_01483,128.8212844021363
test_01484,102.82531684276321
test_01485,83.59372998857246
test_01486,19.784977846620254
test_01487,48.75983501076989
test_01488,42.16448717612733
test_01489,37.093133986275404
test_01490,109.25564979445636
test_01491,132.49219971105805
test_01492,80.68833621700257
test_01493,13.205679721513185
test_01494,52.18830023652784
test_01495,124.61081906661504
test_01496,33.68573814183262
test_01497,41.75891816609848
test_01498,15.854826205879581
test_01499,119.00373494887462
test_01500,136.58902269030182
test_01501,53.36878540478447
test_01502,70.07982848669751
test_01503,141.35125375838072
test_01504,72.38567318750441
test_01505,93.06586183522323
test_01506,72.73230443379924
test_01507,110.5145832078248
test_01508,22.150823936822576
test_01509,50.19218261656953
test_01510,51.36154380572022
test_01511,76.92106565493678
test_01512,95.16255710095884
test_01513,46.56819390717529
test_01514,30.386088808230763
test_01515,15.195285631111418
test_01516,9.061861189673301
test_01517,25.884858418662066
test_01518,90.50060968040907
test_01519,66.29205707450672
test_01520,27.960998288853215
test_01521,61.39552881252631
test_01522,68.24594745031173
test_01523,36.428826003763895
test_01524,109.98141854246211
test_01525,125.86352824627969
test_01526,8.702557482113344
test_01527,27.779747340220673
test_01528,9.245452133157151
test_01529,19.868611959200013
test_01530,27.74958231690977
test_01531,22.453780361130004
test_01532,9.874193544989954
test_01533,18.78818094614005
test_01534,21.616844340719044
test_01535,144.8980209754068
test_01536,29.725597427583992
test_01537,23.157281234565364
test_01538,51.783335223956634
test_01539,15.740877658771895
test_01540,10.088628274594523
test_01541,11.369656421127663
test_01542,39.16010431193994
test_01543,37.23605709909197
test_01544,76.51739232624956
test_01545,48.32024227497317
test_01546,149.33309431019916
test_01547,36.39496174850427
test_01548,31.24900997651077
test_01549,11.5308551833537
test_01550,25.14213286244414
test_01551,49.62717163016431
test_01552,94.967646827288
test_01553,77.9854687182839
test_01554,34.77883316653814
test_01555,182.14477704775248
test_01556,29.282919442190636
test_01557,10.561262073259197
test_01558,12.722240753389325
test_01559,40.552352736306396
test_01560,101.60027793371357
test_01561,201.68361969794913
test_01562,172.1797845762066
test_01563,99.27094354263389
test_01564,39.41417998208523
test_01565,65.54204898055708
test_01566,54.53123111542651
test_01567,51.34958841890037
test_01568,15.909578136606234
test_01569,45.674275270954666
test_01570,164.28497407145824
test_01571,53.644194416830146
test_01572,119.2320694433114
test_01573,249.88545605082984
test_01574,259.34865895148783
test_01575,130.02523724904492
test_01576,116.2680455993148
test_01577,73.253709235187
test_01578,229.35120348118005
test_01579,63.00979233830306
test_01580,42.90424150770209
test_01581,9.632709527905678
test_01582,19.998071967697204
test_01583,78.379634024794
test_01584,113.59126072803716
test_01585,11.226106782169154
test_01586,52.50908606151484
test_01587,6.487576029102711
test_01588,29.240112070993167
test_01589,9.686653741571517
test_01590,8.949436565847432
test_01591,72.82659743715678
test_01592,140.23966505783406
test_01593,254.16093278736017
test_01594,223.25511893912324
test_01595,119.04425987251797
test_01596,123.44168477707103
test_01597,13.270251684003735
test_01598,97.63524086476295
test_01599,216.39655913024222
test_01600,133.78502235649222
test_01601,76.44142645847172
test_01602,63.051154002145644
test_01603,23.896323823707426
test_01604,13.79061494671429
test_01605,80.3746945849803
test_01606,67.81689400805973
test_01607,194.10965672792034
test_01608,33.59683135556194
test_01609,74.99723580775206
test_01610,9.863306699444882
test_01611,5.901969261732354
test_01612,16.957386637118834
test_01613,100.40534856372862
test_01614,210.64786933227188
test_01615,308.1032931413649
test_01616,22.73243206204703
test_01617,97.19092129953471
test_01618,139.12982755440427
test_01619,6.950478384120589
test_01620,132.06646009653105
test_01621,150.95899285825473
test_01622,501.32350477983266
test_01623,92.24968001649536
test_01624,35.37998913830801
test_01625,122.03504309174812
test_01626,200.20974290620623
test_01627,8.921502723460335
test_01628,21.0808321631297
test_01629,148.34123697716186
test_01630,229.2839927093541
test_01631,10.332544245610608
test_01632,14.502858257295555
test_01633,9.939001300746094
test_01634,103.25477778413068
test_01635,272.1615481767735
test_01636,225.06583719812187
test_01637,203.8052104226099
test_01638,422.3078859219751
test_01639,512.1004208550914
test_01640,17.03927354706255
test_01641,84.81559825417517
test_01642,172.43333703816293
test_01643,177.08645463810117
test_01644,14.933949180124545
test_01645,145.87587652456494
test_01646,13.761933497916601
test_01647,326.8924845870424
test_01648,248.64359257642474
test_01649,424.7648475879959
test_01650,124.89495185579878
test_01651,276.26749635655233
test_01652,261.5260446978602
test_01653,175.60719496501693
test_01654,179.18451847162675
test_01655,26.79307863397687
test_01656,10.987930839101187
test_01657,7.325017152235659
test_01658,53.52286304189489
test_01659,92.22068533032737
test_01660,12.548147754075819
test_01661,33.12786090224994
test_01662,89.41965251842088
test_01663,123.0195193487306
test_01664,176.64426700468928
test_01665,48.53900745217321
test_01666,6.9406060025404015
test_01667,68.86922166630946
test_01668,10.298239329268952
test_01669,21.042029975558204
test_01670,82.87927727688829
test_01671,167.41140808647467
test_01672,272.555652619754
test_01673,7.6517599158094995
test_01674,510.4704752505979
test_01675,11.491179894875136
test_01676,9.774111188118466
test_01677,71.65139125175881
test_01678,7.392285137774794
test_01679,62.46294131161168
test_01680,95.36977395099562
test_01681,7.540184465902063
test_01682,6.906117635252603
test_01683,57.91126138223295
test_01684,10.287014555619804
test_01685,8.026471374378515
test_01686,10.582357496286917
test_01687,134.99727894329564
test_01688,150.60405014122955
test_01689,167.23988710300785
test_01690,246.5847116048744
test_01691,266.8243370841356
test_01692,5.924351321808365
test_01693,88.65310038516098
test_01694,149.53401475435206
test_01695,6.079579968763545
test_01696,44.716388319239414
test_01697,92.27412627396072
test_01698,16.124856641827837
test_01699,27.339430361935104
test_01700,9.428226115586021
test_01701,22.908627380357302
test_01702,72.37463545625573
test_01703,8.616845246125472
test_01704,166.87099440403034
test_01705,190.9849246167999
test_01706,344.5244185092003
test_01707,73.62270545301777
test_01708,56.42738465778639
test_01709,66.33520125003773
test_01710,7.617306976466373
test_01711,7.748211884278588
test_01712,7.4753105083648235
test_01713,18.573885540309238
test_01714,101.47286732398204
test_01715,8.204638578026413
test_01716,116.41722425151602
test_01717,273.38372229149905
test_01718,348.0828625250655
test_01719,90.53761033592197
test_01720,53.14879411179467
test_01721,53.96055287247208
test_01722,125.66118792504842
test_01723,63.68269665735138
test_01724,7.886035962803589
test_01725,40.092465084619676
test_01726,53.03680228394787
test_01727,11.246009101089285
test_01728,58.48997795296729
test_01729,9.020412474162734
test_01730,10.304016465782855
test_01731,96.84101678137894
test_01732,77.14290272045591
test_01733,6.608059771076996
test_01734,11.410138392987175
test_01735,67.63158571138032
test_01736,115.77799599669977
test_01737,74.7870065428523
test_01738,22.140527773735563
test_01739,15.519388423101123
test_01740,55.71426122025926
test_01741,63.605845556779826
test_01742,46.83371360814972
test_01743,115.55106451693824
test_01744,84.17904826189496
test_01745,70.36542156386506
test_01746,96.01093041472241
test_01747,17.526654912861403
test_01748,31.02708174801053
test_01749,33.97454423382355
test_01750,82.23190613239842
test_01751,86.25576327776648
test_01752,26.120074102503743
test_01753,13.328096825397804
test_01754,57.534860276220435
test_01755,60.70117468778225
test_01756,72.86788506996093
test_01757,79.69762248206754
test_01758,72.22784270553754
test_01759,47.205518448840536
test_01760,213.62481085829617
test_01761,210.90970857137845
test_01762,16.947574761431387
test_01763,13.501450864264845
test_01764,25.987860954833007
test_01765,50.14158301241689
test_01766,12.997035953926959
test_01767,25.410413225848302
test_01768,58.80698702105617
test_01769,29.00371412423811
test_01770,54.494267320522255
test_01771,197.49905561427602
test_01772,29.924118818763656
test_01773,38.05468079852317
test_01774,64.77625726378511
test_01775,67.2132356970274
test_01776,39.61250185115907
test_01777,55.183629746739705
test_01778,93.72261445996078
test_01779,104.96752448168394
test_01780,90.35858197526876
test_01781,45.55693951683229
test_01782,84.18146817372676
test_01783,33.88430652070388
test_01784,9.95477515585526
test_01785,14.264301811003923
test_01786,54.47977812669723
test_01787,18.35057172518324
test_01788,91.23263553666419
test_01789,42.32826804327144
test_01790,42.392104060446265
test_01791,68.65760104485403
test_01792,65.10383925705926
test_01793,71.78261981291524
test_01794,118.16328356391016
test_01795,96.00257932536323
test_01796,246.79471371098273
test_01797,53.280412393603
test_01798,10.743077549763191
test_01799,50.50339681278609
test_01800,29.97404759906348
test_01801,56.56392796517087
test_01802,8.984107178188994
test_01803,34.98999497127124
test_01804,27.225579280656753
test_01805,36.329578824813
test_01806,93.13002008230586
test_01807,110.15016498723176
test_01808,125.56918207523769
test_01809,83.88876196806066
test_01810,37.066303923257685
test_01811,7.628140325000285
test_01812,17.38973573888341
test_01813,40.92685331916911
test_01814,93.82905543373248
test_01815,102.96054461045016
test_01816,119.17065872492469
test_01817,53.724190087302254
test_01818,27.550853590650163
test_01819,44.07736659857257
test_01820,123.36929637444479
test_01821,52.00497670357757
test_01822,101.53057184673997
test_01823,91.48248246000124
test_01824,62.921729878778194
test_01825,105.71422106021991
test_01826,113.7920506998887
test_01827,87.89364776229391
test_01828,70.86193456146916
test_01829,18.269031694532487
test_01830,48.31397874585093
test_01831,28.01101478604807
test_01832,31.36791607776153
test_01833,81.69961648094181
test_01834,118.54830617077019
test_01835,65.81536665647208
test_01836,6.2878200639368735
test_01837,25.487431082969067
test_01838,53.7796249636056
test_01839,139.69992065441053
test_01840,138.40873532200604
test_01841,36.856780966912744
test_01842,38.661879521609
test_01843,19.77735248198135
test_01844,94.28864550373244
test_01845,126.51923228029415
test_01846,47.32961327134002
test_01847,76.99776806975312
test_01848,68.22892933058453
test_01849,26.705696829228295
test_01850,41.191704333583054
test_01851,74.43106945816979
test_01852,96.34011893555916
test_01853,20.667288458842037
test_01854,41.235884909864616
test_01855,48.58383628921365
test_01856,71.73778366855676
test_01857,111.94950398529632
test_01858,49.93526516640062
test_01859,36.67997718635864
test_01860,16.335882267379862
test_01861,10.056306294581606
test_01862,28.05969615176485
test_01863,81.17088817925107
test_01864,68.62595290832972
test_01865,25.61410314979539
test_01866,59.78485575706992
test_01867,72.56044965665755
test_01868,47.57263285242249
test_01869,106.78854972474667
test_01870,94.97506614279189
test_01871,6.068897255155834
test_01872,9.706381267730585
test_01873,10.330942977922076
test_01874,14.367343751108317
test_01875,29.10509051095587
test_01876,15.583512146473918
test_01877,6.2620222907062715
test_01878,22.748584126195496
test_01879,15.987483926773871
test_01880,152.90844189257533
test_01881,16.879203567326353
test_01882,52.67058954982544
test_01883,11.846159783558244
test_01884,8.670373099771103
test_01885,11.018686535168973
test_01886,28.07774541268841
test_01887,39.47565614324278
test_01888,93.35652620593508
test_01889,44.386918666715026
test_01890,170.75556922618554
test_01891,81.20823422855334
test_01892,29.67158705074389
test_01893,14.387973451143525
test_01894,22.942523954337744
test_01895,89.33365195673738
test_01896,97.00450632893394
test_01897,86.12747175636271
test_01898,206.03728437676645
test_01899,33.45924184149187
test_01900,12.942791787733073
test_01901,10.319448724066264
test_01902,202.01983255631103
test_01903,201.63894279786567
test_01904,105.77718463189053
test_01905,39.45443957862739
test_01906,63.034108484112686
test_01907,65.49068689651313
test_01908,46.41177033077479
test_01909,30.067914494880498
test_01910,74.44962497043052
test_01911,162.3727832101618
test_01912,73.42426727492914
test_01913,129.03535589177804
test_01914,209.21023080316002
test_01915,264.64853390897986
test_01916,149.04989038834586
test_01917,98.22362064334533
test_01918,69.65862919140106
test_01919,203.75996843550277
test_01920,100.03281774270835
test_01921,53.34147240173991
test_01922,17.507534335548634
test_01923,21.395261436811392
test_01924,37.42048282279573
test_01925,99.79934548077371
test_01926,11.325495626421144
test_01927,40.43362928296361
test_01928,7.078196902431879
test_01929,31.55771358056019
test_01930,11.242898190634644
test_01931,9.546195576323159
test_01932,78.21712123832398
test_01933,146.51092069373576
test_01934,302.3254197844537
test_01935,229.40464107846043
test_01936,110.16516604732807
test_01937,119.89010639601459
test_01938,10.08762662717207
test_01939,99.43741521451281
test_01940,217.63196776445767
test_01941,61.149392735924444
test_01942,77.01114746459811
test_01943,54.973843503474
test_01944,20.105206773691013
test_01945,19.61668528052731
test_01946,78.69071256159005
test_01947,78.88995834425421
test_01948,172.33644360642367
test_01949,23.447372774029002
test_01950,67.9746564691257
test_01951,9.848254498509629
test_01952,6.558897524547893
test_01953,11.209233350991438
test_01954,88.69403123518744
test_01955,188.36427855226478
test_01956,441.88461739690877
test_01957,19.26277670904647
test_01958,122.41199654128039
test_01959,143.70114748062673
test_01960,14.051660004785981
test_01961,73.66180239212586
test_01962,96.84963190693873
test_01963,385.7595092896995
test_01964,152.7475491544782
test_01965,40.185896970423876
test_01966,78.09920596517493
test_01967,203.9186391049132
test_01968,8.069387740946718
test_01969,22.24967052265691
test_01970,120.88032482223737
test_01971,240.18146464920494
test_01972,12.48312072878216
test_01973,6.814817173440662
test_01974,102.37739571270735
test_01975,181.79921860988827
test_01976,262.86541477722096
test_01977,205.25588442787387
test_01978,507.9397119513989
test_01979,458.54635997970894
test_01980,11.349139204576858
test_01981,98.49302606707815
test_01982,163.13365165002975
test_01983,171.02844504264542
test_01984,13.949246301729216
test_01985,166.20002373114227
test_01986,11.482041510670097
test_01987,78.51226295206425
test_01988,199.81989648247054
test_01989,420.63803015086506
test_01990,15.90220215757506
test_01991,199.32600883279707
test_01992,377.0563907762789
test_01993,254.41950350107905
test_01994,174.18561576248317
test_01995,243.848065593926
test_01996,23.968786176907475
test_01997,15.842081694076281
test_01998,8.365590341151714
test_01999,54.051416218674554
test_02000,106.24664461201736
test_02001,10.090366824886505
test_02002,29.381947892240653
test_02003,96.7544696097577
test_02004,127.86885380946612
test_02005,176.22089645717477
test_02006,65.57820479616288
test_02007,6.431148397289112
test_02008,73.04728184299888
test_02009,15.14706694216249
test_02010,22.587396359554102
test_02011,44.20494361900368
test_02012,137.10524577245948
test_02013,235.40206451802533
test_02014,6.382236649430299
test_02015,466.5880868360767
test_02016,9.69999906082741
test_02017,11.78580230511724
test_02018,93.13780259608305
test_02019,10.242554048056975
test_02020,68.0338131543933
test_02021,112.00617881075274
test_02022,306.6604687173765
test_02023,6.588497319533573
test_02024,11.496900076853894
test_02025,69.85573691996063
test_02026,10.96678302402869
test_02027,7.642250952081143
test_02028,9.875765053317288
test_02029,161.9346990872013
test_02030,160.73562654271396
test_02031,135.13944884318738
test_02032,222.78677852955315
test_02033,274.70017152784885
test_02034,8.499202707725189
test_02035,78.30990461480657
test_02036,148.41767065192494
test_02037,8.75336953012259
test_02038,53.00647924569921
test_02039,104.31002788286737
test_02040,16.727541812689413
test_02041,25.72402529702452
test_02042,10.495148834240757
test_02043,29.602276072545482
test_02044,81.00373265022995
test_02045,6.216933388506723
test_02046,136.83491771902774
test_02047,137.28274251418628
test_02048,323.5199348363705
test_02049,61.102462927177335
test_02050,30.794727204091505
test_02051,97.71697262661588
test_02052,9.238004765285272
test_02053,8.030160064010515
test_02054,7.62281522076535
test_02055,21.58660440772066
test_02056,89.16504161995249
test_02057,7.164288359886529
test_02058,79.92539350321083
test_02059,221.58663550556597
test_02060,273.3339150529287
test_02061,35.576813459427385
test_02062,52.57767501077898
test_02063,34.14231502272489
test_02064,122.95759366109212
test_02065,61.67829515141906
test_02066,6.907329785942075
test_02067,28.391342708147018
test_02068,19.299757483008694
test_02069,6.291520361621741
test_02070,26.837551282488665
test_02071,7.364018961320723
test_02072,6.2854659373533295
test_02073,56.98086908798174
test_02074,78.08352589168013
test_02075,6.894486439996911
test_02076,11.107448474334996
test_02077,86.78618394340639
test_02078,94.11878848914718
test_02079,8.76058266274433
test_02080,7.812111464392428
test_02081,46.88383296945282
test_02082,55.038363558332904
test_02083,39.36742575471993
test_02084,71.37831714833167
test_02085,34.55121249031492
test_02086,43.528060156864875
test_02087,86.34116998760673
test_02088,12.26418783234924
test_02089,12.279937547495205
test_02090,22.604167031630908
test_02091,51.71918798371706
test_02092,70.38564138902323
test_02093,40.488591200644734
test_02094,14.591315790665604
test_02095,34.4386732059978
test_02096,60.91557792158232
test_02097,66.86066231336063
test_02098,59.096661857556064
test_02099,64.67118375336325
test_02100,37.077208147141974
test_02101,133.64307538225674
test_02102,175.0820531091501
test_02103,32.87564119866674
test_02104,9.679656928834513
test_02105,67.0314595324843
test_02106,51.53253633750596
test_02107,29.97519838552267
test_02108,34.015145178107616
test_02109,49.67305941283691
test_02110,21.94263916883091
test_02111,79.02322787362623
test_02112,117.30490841591218
test_02113,16.671822025559372
test_02114,29.251628642686896
test_02115,66.78275402938053
test_02116,10.350164481077792
test_02117,21.245100961267656
test_02118,60.1237498508583
test_02119,101.38776553478013
test_02120,78.66929438113313
test_02121,51.63781442615408
test_02122,35.770901993407584
test_02123,58.842851160656984
test_02124,16.53098559518768
test_02125,9.233465256186632
test_02126,17.876000654331236
test_02127,73.2609769743106
test_02128,55.385125102973305
test_02129,14.37249070920822
test_02130,66.99730075173973
test_02131,35.18089141116427
test_02132,37.06921241127656
test_02133,51.868947871648544
test_02134,57.87247278030576
test_02135,81.30103059757201
test_02136,59.42723142372291
test_02137,65.91583710093833
test_02138,74.51209704772533
test_02139,80.07852129029021
test_02140,43.600216847708154
test_02141,6.279501906674365
test_02142,63.29709612762008
test_02143,18.07080077036117
test_02144,38.94438486341781
test_02145,11.118109507030402
test_02146,14.529710169630865
test_02147,21.216109158408408
test_02148,20.951336330472447
test_02149,58.01308809609332
test_02150,83.66282003600067
test_02151,120.12297690739415
test_02152,42.30506331923169
test_02153,38.397437635884756
test_02154,6.418527251810624
test_02155,18.3725124706353
test_02156,63.606383663001765
test_02157,67.74822281386318
test_02158,50.68429490207734
test_02159,103.31547541869598
test_02160,35.73942034939848
test_02161,11.657530080242015
test_02162,44.446846633446114
test_02163,69.01820397658105
test_02164,36.61025252264157
test_02165,91.89774936607532
test_02166,105.7760870652764
test_02167,60.65057090603071
test_02168,44.66979190032541
test_02169,123.32784805477418
test_02170,104.67701571990372
test_02171,84.6989442911212
test_02172,11.217898408825581
test_02173,41.509494788010564
test_02174,31.964999247428224
test_02175,21.5012985392959
test_02176,45.418281181344106
test_02177,86.42560723152286
test_02178,66.51733473788256
test_02179,7.424768677840001
test_02180,12.566172708520636
test_02181,70.46893232105391
test_02182,120.41067777911348
test_02183,111.90976056881719
test_02184,36.2765334626103
test_02185,24.98295714001287
test_02186,21.283665030081007
test_02187,177.51471078854993
test_02188,44.392283241025815
test_02189,37.66798617796029
test_02190,44.35261772908923
test_02191,36.38168995674107
test_02192,59.964248100363946
test_02193,69.3868193718078
test_02194,105.99438993016247
test_02195,16.480178140563794
test_02196,21.666446061965743
test_02197,29.36852541764199
test_02198,118.11386442946822
test_02199,114.98842885412624
test_02200,7.045239480341584
test_02201,14.8719329180223
test_02202,11.804032107105652
test_02203,10.516573258602358
test_02204,24.45599023118661
test_02205,57.45408676077234
test_02206,50.94838325853318
test_02207,20.051805530072123
test_02208,44.13221299803783
test_02209,61.655717378526326
test_02210,43.731271969808134
test_02211,64.09924488201321
test_02212,91.53847991121974
test_02213,6.502115591504913
test_02214,13.641917641009016
test_02215,9.873735238987786
test_02216,10.769838146932498
test_02217,18.512997032549215
test_02218,19.838582515793718
test_02219,5.996530608443689
test_02220,13.58691863890511
test_02221,14.318715124170216
test_02222,114.57714845252731
test_02223,30.92680934300894
test_02224,11.98159763350331
test_02225,38.067873731521495
test_02226,13.02696573600418
test_02227,6.971727445511568
test_02228,8.570835909135804
test_02229,18.968776926361386
test_02230,32.224662326912934
test_02231,98.55005645516803
test_02232,79.3384837149245
test_02233,54.57586973118817
test_02234,22.481879229170918
test_02235,19.626266682261612
test_02236,11.292308817287417
test_02237,18.273105770840708
test_02238,73.47988890934042
test_02239,133.67870292553349
test_02240,20.462525036520837
test_02241,138.23324648198763
test_02242,22.275137769263527
test_02243,9.390741466700003
test_02244,6.771685397140834
test_02245,26.19002622444746
test_02246,200.68542106225652
test_02247,150.7373199981993
test_02248,63.0537458989252
test_02249,38.78464103560726
test_02250,72.43445574300779
test_02251,78.04647311019717
test_02252,40.646579302222094
test_02253,14.300916147218583
test_02254,63.247709594536545
test_02255,123.31799171215285
test_02256,65.63337122745772
test_02257,110.43219812808559
test_02258,151.80611649234174
test_02259,248.4870381451703
test_02260,102.09159592657782
test_02261,65.35770495659821
test_02262,53.18452748857064
test_02263,176.6847448272774
test_02264,112.83726113238684
test_02265,35.36461674838748
test_02266,9.280427983262577
test_02267,17.850501875223866
test_02268,27.369657532082837
test_02269,6.116197921341193
test_02270,34.080644435773436
test_02271,5.3290769626965675
test_02272,33.84911293693531
test_02273,8.541418997947597
test_02274,7.247943148810851
test_02275,69.86980122220734
test_02276,133.3171737966065
test_02277,284.27240506727156
test_02278,205.8158899190188
test_02279,181.28151939740854
test_02280,71.87165353927838
test_02281,13.114416683587192
test_02282,46.5759945623276
test_02283,173.90064114432144
test_02284,84.27637522710451
test_02285,60.96508839972119
test_02286,55.52494889528996
test_02287,45.42115422933828
test_02288,13.96007765494661
test_02289,69.86253174272994
test_02290,122.72920307698513
test_02291,178.41546374810116
test_02292,31.575405633313405
test_02293,51.51979278592467
test_02294,8.879971177282371
test_02295,6.548239499398143
test_02296,10.643863107736228
test_02297,80.76108054313562
test_02298,101.57071902931311
test_02299,243.3407341003537
test_02300,32.968312647831596
test_02301,57.13818397836189
test_02302,85.01844259329013
test_02303,6.704268712057736
test_02304,34.594469779831684
test_02305,58.67954463167253
test_02306,292.1881531541897
test_02307,106.2029798978417
test_02308,15.882521205651372
test_02309,44.08375572537331
test_02310,137.41639330698504
test_02311,10.954287080551584
test_02312,16.36996290807472
test_02313,49.03808032065844
test_02314,202.9944079576896
test_02315,9.083611184869811
test_02316,13.280869760798822
test_02317,7.3918283918245695
test_02318,33.829489236868746
test_02319,80.51781901308814
test_02320,118.55661981904866
test_02321,79.63739295518957
test_02322,384.58327699411984
test_02323,408.19399798623334
test_02324,11.943653429569727
test_02325,41.895287506556755
test_02326,141.48631037221793
test_02327,157.48426474057752
test_02328,16.394320540759093
test_02329,57.309950649227076
test_02330,20.394495651427032
test_02331,65.52445936907992
test_02332,133.0001295351246
test_02333,329.91722533997904
test_02334,252.78991153546812
test_02335,146.0220719236214
test_02336,108.65946977976242
test_02337,260.90036243178935
test_02338,142.979651011767
test_02339,146.06580647198953
test_02340,28.157767982454452
test_02341,11.401961154211856
test_02342,6.02941164823593
test_02343,43.2058498776495
test_02344,21.842244129526907
test_02345,14.94591629246884
test_02346,15.15736853329262
test_02347,87.0185256436688
test_02348,131.74044865228262
test_02349,161.8902210893728
test_02350,39.82147536459866
test_02351,6.739396368513838
test_02352,43.89710856324836
test_02353,12.37733611158128
test_02354,14.153656804175297
test_02355,29.97403100516109
test_02356,92.22895363060518
test_02357,193.59063350171314
test_02358,6.680270145609579
test_02359,232.50140985315082
test_02360,9.685557832409776
test_02361,10.84074381198037
test_02362,74.17072630301341
test_02363,7.945528367901664
test_02364,39.949942280265354
test_02365,62.54811458645312
test_02366,251.1340334294691
test_02367,7.165384042700845
test_02368,7.244918597750137
test_02369,82.115718039345
test_02370,6.968737316803287
test_02371,6.830722212277555
test_02372,7.7406501756554675
test_02373,139.82511032282932
test_02374,106.72934342571982
test_02375,142.71580980897087
test_02376,216.7760587428317
test_02377,229.78275482377182
test_02378,5.949082180714515
test_02379,35.9640849990687
test_02380,111.18910857868586
test_02381,6.706739047192726
test_02382,24.422058596136576
test_02383,95.21749270087
test_02384,14.181899096658059
test_02385,23.50584414838722
test_02386,25.67595393246343
test_02387,20.132194555087153
test_02388,56.19535071146293
test_02389,10.785509605209937
test_02390,203.99586731120107
test_02391,142.51259671112683
test_02392,401.11100055858174
test_02393,65.36630866988598
test_02394,52.484680386060575
test_02395,125.44998824916979
test_02396,9.527475822370485
test_02397,6.689569426917384
test_02398,9.717524589558769
test_02399,19.864783953660368
test_02400,105.99495432875366
test_02401,8.46977583619186
test_02402,123.98108516571668
test_02403,277.6835848152893
test_02404,279.413976189088
test_02405,59.595821561764154
test_02406,45.021211626911345
test_02407,50.65531616786244
test_02408,128.5856345218782
test_02409,52.383853984462114
test_02410,9.813043425291694
test_02411,34.338418834414824
test_02412,35.9592126871939
test_02413,8.780901482792304
test_02414,46.78380175898024
test_02415,8.825469503455952
test_02416,8.852736221895702
test_02417,116.30670706591381
test_02418,89.11876951047095
test_02419,5.924908503697804
test_02420,13.871855447882414
test_02421,64.47141796936809
test_02422,94.46658464888903
test_02423,100.32517440690066
test_02424,23.339158688435734
test_02425,8.604549594197943
test_02426,54.54512750359657
test_02427,65.83734476518505
test_02428,40.04698515726254
test_02429,87.67513311056823
test_02430,56.04520304531155
test_02431,41.90123515086711
test_02432,86.932349352943
test_02433,9.154313736755258
test_02434,12.936861120190482
test_02435,25.54742996610369
test_02436,71.72810847647351
test_02437,82.27842638676202
test_02438,60.93185461029048
test_02439,27.993842584904446
test_02440,72.05525046889781
test_02441,60.86593557280872
test_02442,75.96664728718287
test_02443,87.39241963830995
test_02444,97.03571212861458
test_02445,60.196080940023755
test_02446,157.22908759291883
test_02447,195.2225772254082
test_02448,30.146466736067246
test_02449,9.43502153813804
test_02450,28.06382337966728
test_02451,45.25703700716199
test_02452,17.74036638779671
test_02453,38.45379395963081
test_02454,92.92829436010189
test_02455,22.129694343003337
test_02456,44.03869694007958
test_02457,140.6740119215792
test_02458,19.806344514323705
test_02459,33.14854970749668
test_02460,57.155904442905886
test_02461,42.047998402295235
test_02462,40.88119181892462
test_02463,46.79159663860013
test_02464,82.23482512840297
test_02465,127.21687578353733
test_02466,89.57085013879187
test_02467,76.32901267763378
test_02468,82.87667998930183
test_02469,45.45939919560289
test_02470,11.330620198305024
test_02471,18.50747763702056
test_02472,91.9435057313668
test_02473,38.50704884317254
test_02474,8.045284862502003
test_02475,103.74734325737549
test_02476,41.075169908492306
test_02477,39.36896845148869
test_02478,47.8019754857993
test_02479,82.16203938312917
test_02480,75.74924627167347
test_02481,61.56522289924306
test_02482,123.73373725188509
test_02483,92.21502150034564
test_02484,183.62178831111734
test_02485,51.15057115197992
test_02486,8.554491702474278
test_02487,66.21770597438669
test_02488,52.3324942029206
test_02489,60.50691311563118
test_02490,13.884149248122013
test_02491,33.667947728661915
test_02492,33.10984228207049
test_02493,45.950496046226625
test_02494,120.04709889455087
test_02495,83.9200239136672
test_02496,175.78881848824238
test_02497,66.97051076521129
test_02498,140.03494114276236
test_02499,9.119825598181745
test_02500,20.93809367345015
test_02501,37.61179496850751
test_02502,81.57859559335722
test_02503,100.93366160826795
test_02504,114.09533297930973
test_02505,50.64987352277168
test_02506,30.65405917336922
test_02507,44.695968466323215
test_02508,132.42811611197686
test_02509,51.40247106962252
test_02510,91.48087903838727
test_02511,82.30898371550188
test_02512,62.545395800496124
test_02513,73.1883504463654
test_02514,117.13073208547404
test_02515,86.5788944059657
test_02516,67.57525177772091
test_02517,19.910410883177693
test_02518,57.78149998073962
test_02519,36.36197875240111
test_02520,33.867286136095004
test_02521,91.29519631789469
test_02522,100.65205169007496
test_02523,89.78347135079504
test_02524,10.094625939038323
test_02525,37.40598950859354
test_02526,66.6734113063336
test_02527,136.66370049852992
test_02528,126.60170217587364
test_02529,24.500301660284787
test_02530,40.86258391177571
test_02531,18.450389031503025
test_02532,125.21519078866677
test_02533,120.60053107785247
test_02534,31.902863404685046
test_02535,59.61349452759397
test_02536,164.4532676746083
test_02537,84.82738749892654
test_02538,101.84090940040903
test_02539,67.67738444959704
test_02540,129.39032368607135
test_02541,20.632209299619404
test_02542,51.808303151862546
test_02543,60.111904559644806
test_02544,78.73700445487654
test_02545,94.06829695477334
test_02546,42.23597541366656
test_02547,27.69710890821483
test_02548,15.576367202205844
test_02549,12.657780438083753
test_02550,29.141535901160918
test_02551,92.21526598719377
test_02552,61.49328949759597
test_02553,27.66618156677701
test_02554,64.02540231892492
test_02555,63.588975086414116
test_02556,41.87815103168311
test_02557,88.74972407654748
test_02558,96.29368254856526
test_02559,9.16889054038777
test_02560,31.37652090457834
test_02561,12.093845105618117
test_02562,24.433433908396957
test_02563,38.048055239814346
test_02564,24.63508260392388
test_02565,8.828242172104119
test_02566,12.080804864890121
test_02567,15.984735382383215
test_02568,139.06458885518273
test_02569,36.65044715538373
test_02570,14.57851026877341
test_02571,42.34672685046796
test_02572,13.429690127434062
test_02573,7.315413799191209
test_02574,10.195858443862603
test_02575,35.41856953259055
test_02576,43.20502670832144
test_02577,68.25503836190327
test_02578,48.83796804720916
test_02579,158.2130656340607
test_02580,31.714584853563853
test_02581,28.906917949803308
test_02582,11.504857101965955
test_02583,36.72448370033041
test_02584,58.87237612380089
test_02585,90.1945486536581
test_02586,123.30009887643742
test_02587,29.20007401785538
test_02588,193.8315136123839
test_02589,38.45176070950824
test_02590,11.150066994466219
test_02591,7.983111031563531
test_02592,47.42594452633358
test_02593,92.11425550921601
test_02594,218.0567713465545
test_02595,182.45681901256845
test_02596,98.71359269131244
test_02597,42.68580948465572
test_02598,62.96780898023651
test_02599,60.80534406575922
test_02600,46.66236773744299
test_02601,12.17860146705162
test_02602,47.24064619165583
test_02603,152.48570401530935
test_02604,55.152169625992265
test_02605,131.34377746415652
test_02606,254.13413057863684
test_02607,120.66820551320559
test_02608,97.67627011199531
test_02609,53.31068939857904
test_02610,159.76749052289614
test_02611,61.45353495706192
test_02612,46.476229391669605
test_02613,10.027920348387772
test_02614,24.732006914020808
test_02615,56.2210108686845
test_02616,115.52494949499291
test_02617,6.7733123493414
test_02618,65.38406770613982
test_02619,7.183718106463303
test_02620,30.78297724433656
test_02621,10.768005583998411
test_02622,13.208005455082656
test_02623,72.92176368975771
test_02624,155.3782885984414
test_02625,283.69922867860174
test_02626,241.81572008302626
test_02627,117.19980138851965
test_02628,106.13003631698088
test_02629,10.086031320014703
test_02630,91.41838425691098
test_02631,228.22503814534412
test_02632,45.58033863590203
test_02633,69.9934423179813
test_02634,60.54576005466179
test_02635,26.438058830497
test_02636,16.600793418147067
test_02637,91.2430157460258
test_02638,67.0579189519631
test_02639,187.52374514515756
test_02640,25.93871379201917
test_02641,77.86530959848406
test_02642,10.484620642126336
test_02643,6.0718948649184386
test_02644,12.18279103492885
test_02645,87.33809017396929
test_02646,201.47535004581033
test_02647,272.8766157588244
test_02648,19.49569650984492
test_02649,147.1693827305874
test_02650,111.4307047978992
test_02651,7.4812839804380955
test_02652,131.2782207861079
test_02653,201.43451941481203
test_02654,522.2706389117773
test_02655,70.29564757569767
test_02656,42.49059743715746
test_02657,132.48090958671395
test_02658,222.3770061529903
test_02659,9.461030555906529
test_02660,19.66082981218615
test_02661,195.8499442281928
test_02662,226.95982807160829
test_02663,9.971852067326854
test_02664,11.729033310768438
test_02665,6.935259474173509
test_02666,105.36464101430305
test_02667,275.6204483538404
test_02668,202.41780104034478
test_02669,246.82563043857684
test_02670,389.51037608421433
test_02671,396.3355404567968
test_02672,11.899437942978292
test_02673,87.24048320502591
test_02674,148.43597322338826
test_02675,195.43311321954613
test_02676,13.767618142549921
test_02677,132.47039022189995
test_02678,13.715042311780993
test_02679,384.61471639302454
test_02680,369.42128896832764
test_02681,128.51431888525462
test_02682,334.5553217542335
test_02683,487.99277879264537
test_02684,262.1720426380952
test_02685,236.54511214309204
test_02686,168.69233174565284
test_02687,19.719023599220243
test_02688,11.581788921348496
test_02689,7.882085350492708
test_02690,18.171406880063522
test_02691,71.53687691078471
test_02692,10.281220558517626
test_02693,35.75498203090048
test_02694,76.11466550206524
test_02695,131.97194919837153
test_02696,180.04387694750665
test_02697,57.274945264331244
test_02698,7.414131789427762
test_02699,75.09689954129519
test_02700,10.511769333481654
test_02701,24.709270068859897
test_02702,128.6774748268476
test_02703,198.332968353152
test_02704,310.82072319858935
test_02705,8.102755730460649
test_02706,414.2487230168226
test_02707,12.717334453316228
test_02708,7.4723237329762595
test_02709,95.01736821899568
test_02710,6.810913779691793
test_02711,47.62821262285059
test_02712,85.63035204311952
test_02713,296.4212394070987
test_02714,6.400577028904146
test_02715,6.888397848346298
test_02716,53.55613279218069
test_02717,7.684472324024484
test_02718,7.432036512497135
test_02719,8.876794873734724
test_02720,120.95129712279211
test_02721,139.69693855032074
test_02722,207.79416697188827
test_02723,261.2885663001377
test_02724,275.96710646307304
test_02725,6.006359259178913
test_02726,89.29971705894918
test_02727,176.02466014399576
test_02728,7.519662356384103
test_02729,47.263341247696836
test_02730,13.296545141989798
test_02731,26.468755816515202
test_02732,18.447895865000387
test_02733,22.442196602487893
test_02734,90.62445654431961
test_02735,6.338847355166626
test_02736,207.48049195943108
test_02737,410.2926162258555
test_02738,62.911677622030105
test_02739,39.49593760949143
test_02740,120.1679617457675
test_02741,8.904593537575069
test_02742,7.457128135064278
test_02743,10.099976788774716
test_02744,11.749481150294562
test_02745,194.18131249163565
test_02746,87.98606024108756
test_02747,321.52673573640317
test_02748,270.11614271686966
test_02749,44.08823313777206
test_02750,46.25570708933124
test_02751,39.9467270926497
test_02752,131.5758845198012
test_02753,59.86794480221844
test_02754,9.75660449340511
test_02755,36.018729282771915
test_02756,58.31251864928424
test_02757,11.204523075311968
test_02758,48.017476427883835
test_02759,7.20495715692981
test_02760,8.091085274761815
test_02761,120.11632456376685
test_02762,117.23819671322275
test_02763,12.074485209356208
test_02764,13.1551460876767
test_02765,75.04635733079782
test_02766,95.50402728975125
test_02767,64.9093013779999
test_02768,7.817537519112266
test_02769,68.39406589576522
test_02770,66.25536348615643
test_02771,45.96156805324328
test_02772,99.5301661961967
test_02773,14.16258201491551
test_02774,33.76208912841012
test_02775,106.75317866115184
test_02776,17.61937568277522
test_02777,28.034998586664354
test_02778,58.61492981631847
test_02779,75.53440102159162
test_02780,45.04352757079849
test_02781,14.026362727315915
test_02782,51.14667225025796
test_02783,56.84355279974207
test_02784,68.43905385488203
test_02785,86.45227940194847
test_02786,73.59277992921
test_02787,50.59498500587741
test_02788,172.80895707252856
test_02789,209.74135840271538
test_02790,12.438646561467037
test_02791,46.7942975248666
test_02792,12.534947026889824
test_02793,18.71273234462416
test_02794,44.542188311277144
test_02795,17.192831604844773
test_02796,36.83281186062935
test_02797,123.01174399267755
test_02798,25.60821372155695
test_02799,33.20224911115734
test_02800,71.19798859421476
test_02801,33.31753957286829
test_02802,39.30497444183299
test_02803,43.61624970775496
test_02804,85.8819984838225
test_02805,106.74939106382415
test_02806,59.277750585926064
test_02807,41.27206991703431
test_02808,67.36228493625295
test_02809,28.321142669098027
test_02810,14.27722049363346
test_02811,14.88961154228273
test_02812,106.06380299254126
test_02813,47.19740398960463
test_02814,10.385631767102131
test_02815,87.52174040009317
test_02816,38.772618387291494
test_02817,36.04993859186024
test_02818,42.78299999213738
test_02819,71.11068254173202
test_02820,90.32047158006031
test_02821,47.09233666269517
test_02822,138.90531332258715
test_02823,79.10374652589664
test_02824,167.3250090576507
test_02825,42.48989815425966
test_02826,6.209951471439383
test_02827,71.0549186564215
test_02828,36.602847398306736
test_02829,53.86536805228375
test_02830,13.671089066880198
test_02831,15.47596693251982
test_02832,23.024115992013186
test_02833,26.103378606270706
test_02834,79.37051567530112
test_02835,78.11809298108022
test_02836,142.47297246932848
test_02837,52.90862872041197
test_02838,150.67828808411232
test_02839,10.665002090428194
test_02840,24.783626346157607
test_02841,67.99004359857477
test_02842,94.94149937159257
test_02843,69.78434031560872
test_02844,98.79603951790773
test_02845,43.70180478083747
test_02846,15.141761642334007
test_02847,98.87214076024163
test_02848,102.83756761074841
test_02849,109.86705777745905
test_02850,40.976779160198745
test_02851,51.90669783615347
test_02852,124.72524836598215
test_02853,89.43644838445559
test_02854,82.59474737857423
test_02855,17.201118490540996
test_02856,39.05839380947137
test_02857,32.27101743306007
test_02858,23.91442734673955
test_02859,76.02729975599017
test_02860,73.07782584038685
test_02861,10.33348946149967
test_02862,23.586031576356447
test_02863,65.51637883432609
test_02864,93.93023764817202
test_02865,117.24366220396095
test_02866,35.80793261457866
test_02867,39.70655306572097
test_02868,16.768269426161734
test_02869,98.08553626074954
test_02870,174.09418943937024
test_02871,37.57035575762658
test_02872,51.339420885364476
test_02873,69.64309006576998
test_02874,100.08720772854772
test_02875,156.43053940382683
test_02876,68.18722165680516
test_02877,104.13183368824582
test_02878,16.49097521781677
test_02879,19.205575082284092
test_02880,41.891756220211036
test_02881,81.85870080751035
test_02882,97.9289363523266
test_02883,34.592142501198566
test_02884,21.696080534904656
test_02885,10.326801061717532
test_02886,15.175466267370807
test_02887,34.17879287962234
test_02888,70.19557605016747
test_02889,39.218282945658444
test_02890,23.056864454368114
test_02891,26.486177504071165
test_02892,52.60071509411394
test_02893,71.87980523241845
test_02894,78.92440849054574
test_02895,136.45266424984382
test_02896,8.50333468507852
test_02897,23.226894381869844
test_02898,7.800563632752114
test_02899,10.744664080720147
test_02900,18.577070798898323
test_02901,23.52279085933825
test_02902,6.736493041236386
test_02903,12.427884546877689
test_02904,12.604855130485722
test_02905,27.949415901026597
test_02906,12.909241498059913
test_02907,36.662850451762516
test_02908,12.980278988032655
test_02909,7.860706969843659
test_02910,9.07872633794021
test_02911,24.9464755614136
test_02912,35.42373229991859
test_02913,88.30147147363147
test_02914,156.98775669309478
test_02915,26.294184814299957
test_02916,18.812014898215736
test_02917,10.859235596276575
test_02918,26.312510689051514
test_02919,37.259197328216615
test_02920,66.71373153989555
test_02921,120.30341709976284
test_02922,18.03911678745831
test_02923,180.41365838132037
test_02924,31.25228306756875
test_02925,12.310448701832996
test_02926,7.853828487984693
test_02927,36.06351515921616
test_02928,75.13097691081542
test_02929,215.15209850518275
test_02930,165.45410817914538
test_02931,55.98262595777354
test_02932,50.93238151208332
test_02933,75.15642633201405
test_02934,84.31788805222843
test_02935,75.0704745111679
test_02936,15.91515988132928
test_02937,38.54305458608622
test_02938,147.3060446851437
test_02939,75.82963928671668
test_02940,124.07513770665888
test_02941,201.33137364430752
test_02942,170.92068596894617
test_02943,133.73753047587624
test_02944,73.87979149380253
test_02945,49.07511576654117
test_02946,163.73695356150427
test_02947,95.12613233439615
test_02948,34.23906887766119
test_02949,7.256903918904162
test_02950,18.82215242373635
test_02951,36.20140975937846
test_02952,67.00474305174966
test_02953,5.808663344100412
test_02954,5.524090153926386
test_02955,27.249942276898512
test_02956,24.395739329873976
test_02957,6.937706162292656
test_02958,67.13237863000792
test_02959,134.12962975748954
test_02960,276.0599017344297
test_02961,144.80585639571387
test_02962,117.90561400437268
test_02963,97.2426216796289
test_02964,7.440801918049454
test_02965,82.71651757152455
test_02966,169.54626208931757
test_02967,105.02811634634995
test_02968,47.89948371502224
test_02969,55.566718914362454
test_02970,37.81269515447423
test_02971,12.837608906402778
test_02972,84.41525699393335
test_02973,127.72970459749935
test_02974,168.10970379070594
test_02975,42.97190071472795
test_02976,64.56820082020677
test_02977,8.239619503603095
test_02978,5.528057889108755
test_02979,9.830867779401768
test_02980,89.81728551092289
test_02981,145.71062420560395
test_02982,237.60781182764342
test_02983,15.256632465722257
test_02984,69.35148699667013
test_02985,111.9119822116732
test_02986,5.782213049831837
test_02987,68.91466220247086
test_02988,114.10504137986595
test_02989,482.2590300301252
test_02990,239.526141064356
test_02991,53.74386138516205
test_02992,43.0899281485878
test_02993,136.50785233978698
test_02994,11.512123612073154
test_02995,14.124306386502964
test_02996,63.028404685953355
test_02997,206.7142244875649
test_02998,7.92601188082739
test_02999,8.006414070396573
test_03000,8.012817892457907
test_03001,54.86372787627273
test_03002,227.9449033180639
test_03003,108.88358304300466
test_03004,81.77513821977905
test_03005,373.0614039150583
test_03006,418.0355923418631
test_03007,16.581477326205356
test_03008,55.353631881619876
test_03009,133.18755461576185
test_03010,184.1078541696259
test_03011,10.78791583849784
test_03012,122.66993353498395
test_03013,8.999818559898694
test_03014,181.07706979406333
test_03015,220.7008641809389
test_03016,375.4938307785844
test_03017,266.8727525544179
test_03018,197.71856406290385
test_03019,414.26845041576064
test_03020,300.26422553120943
test_03021,223.3631729668504
test_03022,175.326494532321
test_03023,25.793244279294562
test_03024,11.543080273356386
test_03025,8.31750516152126
test_03026,31.229622925636328
test_03027,34.076861624985355
test_03028,11.089206063190792
test_03029,31.79031574357516
test_03030,66.59789351961653
test_03031,116.72347186493018
test_03032,195.71349634106613
test_03033,78.62209890554556
test_03034,7.2089677526517395
test_03035,95.93890796304184
test_03036,16.97021289237759
test_03037,15.16860951837519
test_03038,93.81153720921297
test_03039,154.23926066093844
test_03040,263.95777167164414
test_03041,9.541803566610156
test_03042,506.9117277713245
test_03043,8.10257586342261
test_03044,7.537151595807894
test_03045,97.73190993393445
test_03046,8.157177224557687
test_03047,32.94897742748226
test_03048,88.50528006610567
test_03049,277.0717154946444
test_03050,6.378600374747209
test_03051,8.05765115038784
test_03052,97.67250339731264
test_03053,7.655851178995461
test_03054,7.232929699166251
test_03055,8.742793972184833
test_03056,93.42292156447643
test_03057,164.59407280428292
test_03058,213.33806997421462
test_03059,275.8365268198331
test_03060,251.19375055343977
test_03061,7.852522693556151
test_03062,86.62930261622053
test_03063,149.59366982478912
test_03064,5.876608612723252
test_03065,71.4412482378518
test_03066,87.45513377316709
test_03067,15.38873978866829
test_03068,18.925388185621554
test_03069,13.580217153971992
test_03070,17.720353580191013
test_03071,94.60501529630862
test_03072,8.225043638321424
test_03073,187.13235142370993
test_03074,146.8815771732068
test_03075,71.18842315234234
test_03076,46.00875647205263
test_03077,115.28204032325864
test_03078,9.132209009957748
test_03079,6.725211781241076
test_03080,11.20905509544684
test_03081,15.85606093117879
test_03082,103.73613455644946
test_03083,8.73583872695439
test_03084,100.02021326831542
test_03085,297.4852923505613
test_03086,274.98367395488845
test_03087,59.66268827905665
test_03088,39.768989257213114
test_03089,50.74628230295028
test_03090,125.06818822726999
test_03091,58.507597645057594
test_03092,7.844203574821155
test_03093,36.37864663653958
test_03094,36.964386994988956
test_03095,12.586936776996001
test_03096,51.19544634666925
test_03097,8.575509502705575
test_03098,10.001225200573364
test_03099,123.1043479742446
test_03100,72.3648431749787
test_03101,6.703944943566998
test_03102,8.131236574833784
test_03103,90.28286269432212
test_03104,125.36052927009493
test_03105,107.3240131415531
test_03106,31.606312656969887
test_03107,16.235074064267952
test_03108,63.909894964128
test_03109,78.00574818200515
test_03110,49.53738286358454
test_03111,76.60139801598848
test_03112,64.9796639436209
test_03113,39.306292852045374
test_03114,107.15917780856314
test_03115,12.177124918656913
test_03116,25.20982840269177
test_03117,73.55721831117644
test_03118,88.77755723909563
test_03119,15.299628224576896
test_03120,48.809732410201306
test_03121,49.182045211182135
test_03122,59.23618631192938
test_03123,63.26629701956486
test_03124,93.91102541137896
test_03125,58.85256917807939
test_03126,172.14964047894225
test_03127,21.132201539365578
test_03128,10.194631756205126
test_03129,15.485887564672634
test_03130,49.64228869496022
test_03131,22.717302830144508
test_03132,31.180366319788657
test_03133,53.70759396472573
test_03134,20.81961699099341
test_03135,43.414508700745785
test_03136,110.5295800305686
test_03137,27.927500554376213
test_03138,36.57973365191262
test_03139,54.84380903260536
test_03140,53.923259859156964
test_03141,44.97373735714554
test_03142,43.0792880274185
test_03143,80.03581344130414
test_03144,110.04419044346491
test_03145,83.58504396063996
test_03146,74.80422280639203
test_03147,82.42773801307378
test_03148,48.02523132587185
test_03149,13.374844344997527
test_03150,21.410280643281975
test_03151,94.51862075389583
test_03152,40.65336633546817
test_03153,14.51796092359054
test_03154,97.88374216938787
test_03155,39.155850908638946
test_03156,38.8175871009503
test_03157,51.88218552735311
test_03158,72.71437101322564
test_03159,67.47595901078704
test_03160,68.73951143460138
test_03161,114.07116900519766
test_03162,90.35174296355599
test_03163,194.36052477263576
test_03164,51.83607363330111
test_03165,7.614277435786378
test_03166,76.33848221769146
test_03167,74.09522182313299
test_03168,50.29189232095356
test_03169,16.063143934286007
test_03170,35.28339941291362
test_03171,40.76906849307215
test_03172,46.32941154661111
test_03173,107.55052339562492
test_03174,99.202129669801
test_03175,170.8884486688536
test_03176,70.9862989734928
test_03177,141.42469007915773
test_03178,7.525395564955119
test_03179,32.981324548774545
test_03180,71.09169216723697
test_03181,108.16291861823393
test_03182,113.53969799884528
test_03183,67.10738339407942
test_03184,22.409042581344075
test_03185,37.82142655459876
test_03186,114.14529172204526
test_03187,49.999278789230296
test_03188,85.77480395792334
test_03189,85.71082916453769
test_03190,69.60703852594571
test_03191,71.47775378936923
test_03192,115.02829963326874
test_03193,88.6844527748626
test_03194,60.377617104182725
test_03195,28.961110291805912
test_03196,43.177208109700246
test_03197,31.846907078081568
test_03198,36.36976058882714
test_03199,100.70275392532304
test_03200,102.2534771421363
test_03201,96.7455867525503
test_03202,9.776313493238225
test_03203,35.836547741899615
test_03204,59.292362805339415
test_03205,148.0700549481895
test_03206,121.57449188449338
test_03207,26.329154435008103
test_03208,38.406642757498744
test_03209,15.502062715120813
test_03210,96.99793763903504
test_03211,124.75856798093533
test_03212,42.972041147794485
test_03213,66.33463397302654
test_03214,149.81477081620065
test_03215,90.22583503455716
test_03216,89.46840354433213
test_03217,77.11732093960387
test_03218,125.36616631740405
test_03219,19.23788799027668
test_03220,62.63004263134672
test_03221,72.77350600334854
test_03222,86.36037753456077
test_03223,42.71172327987068
test_03224,30.917313307593286
test_03225,19.615551916182806
test_03226,11.011178962672192
test_03227,30.650799456947638
test_03228,95.47801909570995
test_03229,63.17202756051102
test_03230,29.15433120393843
test_03231,58.929414420535934
test_03232,68.46343622722001
test_03233,33.32072347864699
test_03234,90.14232419077707
test_03235,111.08673868288041
test_03236,8.258241622820476
test_03237,30.838482909653653
test_03238,8.560242767797016
test_03239,21.36965535863467
test_03240,42.3143155939629
test_03241,31.610330943340372
test_03242,7.540968840313087
test_03243,18.714997859379384
test_03244,17.583661180571493
test_03245,129.61627618883387
test_03246,35.5064720249981
test_03247,23.421210587840587
test_03248,42.831757961159354
test_03249,10.463260059119234
test_03250,9.114562878673404
test_03251,12.0710212647614
test_03252,33.56070075007294
test_03253,34.734333327498824
test_03254,62.63548680195528
test_03255,63.06485322362304
test_03256,143.32743519607496
test_03257,30.31856707413408
test_03258,35.12631692520875
test_03259,14.322150212172465
test_03260,17.392740267690705
test_03261,54.80929084968881
test_03262,89.23109366354579
test_03263,95.13469725571339
test_03264,38.05224229003309
test_03265,193.1997035210393
test_03266,41.709383751920676
test_03267,15.842000053301554
test_03268,8.708748717136269
test_03269,51.101517585025476
test_03270,94.2270921797376
test_03271,214.79311696148898
test_03272,191.60544375938827
test_03273,99.04860524826886
test_03274,43.616042192035714
test_03275,57.81602577591802
test_03276,55.921302027907295
test_03277,46.799433264756196
test_03278,16.091623541007806
test_03279,45.02178110211637
test_03280,128.3056101976427
test_03281,54.89043899065973
test_03282,127.7295633765875
test_03283,207.3584085402839
test_03284,154.44605234606553
test_03285,124.69319323928279
test_03286,93.47861780062269
test_03287,53.54424552056832
test_03288,165.38190277899662
test_03289,63.10306927493025
test_03290,46.00860469030671
test_03291,8.841890831531478
test_03292,19.685738574188587
test_03293,55.80867689338875
test_03294,120.36068788081602
test_03295,8.816287627582344
test_03296,58.298901491326376
test_03297,7.917488591666048
test_03298,30.706747228664735
test_03299,11.732147654926303
test_03300,12.592798986729058
test_03301,67.57031379611725
test_03302,134.32567618230559
test_03303,245.36982734412277
test_03304,209.6963730987201
test_03305,112.13078212492417
test_03306,107.83314749161104
test_03307,11.956465864461556
test_03308,85.6174274684349
test_03309,193.9171096821138
test_03310,113.66993102217475
test_03311,61.77049217753069
test_03312,56.22510952357862
test_03313,32.4200361312879
test_03314,15.760073305602461
test_03315,82.45103008781662
test_03316,64.96191064203943
test_03317,189.77691942409916
test_03318,26.50638233631562
test_03319,69.15702630889362
test_03320,10.618845797880885
test_03321,6.894250269967446
test_03322,27.69335872059689
test_03323,90.22995580100756
test_03324,196.286213688496
test_03325,289.3097877934854
test_03326,22.279549112195784
test_03327,110.30256687057079
test_03328,142.7329689309506
test_03329,6.826040616663401
test_03330,114.5167607667262
test_03331,211.38117737129173
test_03332,439.72359840108265
test_03333,85.56596980548532
test_03334,38.884242091446545
test_03335,128.29309351377708
test_03336,221.99764105458817
test_03337,10.211433562550555
test_03338,27.19693952075099
test_03339,168.1559755912689
test_03340,224.37441118648928
test_03341,10.10244864525859
test_03342,14.291517005053137
test_03343,7.952865662560476
test_03344,197.32777028077788
test_03345,269.9774275730414
test_03346,209.77839179844756
test_03347,216.97336402161403
test_03348,365.9670259410666
test_03349,395.477975684862
test_03350,14.292553852054112
test_03351,79.79551356281222
test_03352,133.608961004819
test_03353,182.9997947434667
test_03354,14.94411547357352
test_03355,135.96580478893475
test_03356,15.136613005027408
test_03357,297.5058292429502
test_03358,288.39395071694344
test_03359,361.41734109738775
test_03360,114.90416136911381
test_03361,336.58920665747945
test_03362,473.37875308003174
test_03363,243.3424246694103
test_03364,183.61075536563314
test_03365,188.90431347269134
test_03366,23.61083940525646
test_03367,12.456368739326921
test_03368,6.809050390498032
test_03369,51.51546925411623
test_03370,83.42354326400036
test_03371,11.902425473475986
test_03372,30.42084392956009
test_03373,71.49912032489911
test_03374,52.311972359161174
test_03375,157.50068259905217
test_03376,53.85605518858475
test_03377,6.906829004212326
test_03378,70.18377875747659
test_03379,7.782634292618937
test_03380,24.50566489824132
test_03381,96.3296194861836
test_03382,181.10670006550137
test_03383,300.60798755793155
test_03384,7.803832553038165
test_03385,352.65323510065457
test_03386,11.660083028863946
test_03387,9.814136479751983
test_03388,97.89089571606962
test_03389,7.209263406486731
test_03390,62.0959652809227
test_03391,112.83615475984256
test_03392,313.3788477833812
test_03393,7.402587489057319
test_03394,12.673007959875191
test_03395,51.72624392996273
test_03396,12.510027966621651
test_03397,8.844351164864662
test_03398,9.892525029850802
test_03399,98.66049289258967
test_03400,129.5965911499444
test_03401,188.91359381588953
test_03402,209.26056077453907
test_03403,250.60351864975328
test_03404,6.863889739126809
test_03405,91.48681768645058
test_03406,143.984793793113
test_03407,6.710556001326777
test_03408,44.27771084326287
test_03409,85.06065646311897
test_03410,15.281208567328939
test_03411,27.868137660151277
test_03412,16.833430331844102
test_03413,19.656199058754193
test_03414,104.60434538371061
test_03415,8.257880580398764
test_03416,183.64182083849988
test_03417,196.65252188770458
test_03418,351.78513992207075
test_03419,72.68094955004352
test_03420,55.07957983176755
test_03421,104.80775670370045
test_03422,8.408968998507145
test_03423,8.076581228272428
test_03424,7.812554465304405
test_03425,19.81682874878247
test_03426,115.1024419110572
test_03427,9.10580183972688
test_03428,101.07623700527888
test_03429,258.72852507676635
test_03430,339.3835418426235
test_03431,70.32375503845246
test_03432,47.233258712507165
test_03433,51.9686292336295
test_03434,118.9599241274369
test_03435,53.092616874512544
test_03436,10.618119794478279
test_03437,29.929316378947327
test_03438,41.44718305533277
test_03439,10.990176058681097
test_03440,50.26950753439483
test_03441,7.321278461471837
test_03442,26.205805090973328
test_03443,97.81707213741049
test_03444,66.34302649444314
test_03445,6.721703470113707
test_03446,17.76220254411961
test_03447,58.99753260887607
test_03448,103.77344917986353
test_03449,92.54871489544819
test_03450,18.525411112757574
test_03451,9.395588848486286
test_03452,39.7632380995729
test_03453,57.43741936273268
test_03454,37.38629878832705
test_03455,78.72238722800316
test_03456,42.908795390862494
test_03457,29.789959014928254
test_03458,81.41263615895467
test_03459,12.335919635853424
test_03460,14.286241277573831
test_03461,35.76498567650623
test_03462,81.10847062837053
test_03463,65.07031005854299
test_03464,36.10657499340324
test_03465,13.518126410355736
test_03466,40.21813819911273
test_03467,54.736626731715006
test_03468,66.16258700563417
test_03469,77.93352013185593
test_03470,67.90121995734864
test_03471,50.84050653897233
test_03472,176.28141412043362
test_03473,191.0910001660886
test_03474,23.01077415912425
test_03475,9.805706112553276
test_03476,26.690344737970097
test_03477,51.4649614692456
test_03478,15.281602707424716
test_03479,40.594516912749704
test_03480,50.80151323777464
test_03481,20.910007024860693
test_03482,43.452886782813465
test_03483,164.6359020202464
test_03484,25.14284387860484
test_03485,28.494159856958152
test_03486,57.26007757792867
test_03487,72.00567604084728
test_03488,34.50649040089083
test_03489,44.62292701742046
test_03490,85.55314556102572
test_03491,90.61539530416374
test_03492,76.7491526393797
test_03493,56.74742973187359
test_03494,90.77866251060452
test_03495,54.38324020206827
test_03496,8.8644188123036
test_03497,15.539305864962747
test_03498,60.44080417997631
test_03499,45.281278166955076
test_03500,9.587865478383858
test_03501,92.73483864425579
test_03502,30.511429209857308
test_03503,43.77289782944253
test_03504,42.23704175625515
test_03505,65.13942290968217
test_03506,67.17101942217806
test_03507,65.72569523860771
test_03508,114.61178959979864
test_03509,85.07894669228365
test_03510,182.6493467349713
test_03511,62.40906843234531
test_03512,9.75521752761109
test_03513,51.04234212881605
test_03514,47.76894124225621
test_03515,59.880619888887594
test_03516,15.124276879442446
test_03517,37.69182252064067
test_03518,26.467856699063983
test_03519,34.93098827464943
test_03520,95.3847643788741
test_03521,142.2390377875037
test_03522,66.19964145698088
test_03523,59.617060495272504
test_03524,6.679872079722654
test_03525,18.183627748499987
test_03526,29.06181347650728
test_03527,79.08641113327374
test_03528,99.94240841531332
test_03529,118.61665842366781
test_03530,36.291923419953605
test_03531,22.08038360037966
test_03532,34.99754975696336
test_03533,125.0853195501107
test_03534,42.525443892146804
test_03535,85.8318327135964
test_03536,83.5852072338363
test_03537,59.832454798946564
test_03538,56.06642215231763
test_03539,111.96772989424682
test_03540,91.90822663423789
test_03541,64.87870545685435
test_03542,22.8688217025681
test_03543,46.34911707438226
test_03544,35.119342625513234
test_03545,42.34057485082993
test_03546,83.13705937571554
test_03547,137.158031276571
test_03548,62.980766591359114
test_03549,8.093431999102439
test_03550,31.135076373267808
test_03551,60.40331740607569
test_03552,158.45435182627492
test_03553,169.60798100111182
test_03554,35.10259266290136
test_03555,37.025500244502105
test_03556,13.050038067422173
test_03557,91.81678451982577
test_03558,122.8551532707686
test_03559,47.21483019372351
test_03560,62.81455754006478
test_03561,93.15736344370175
test_03562,47.184829644761415
test_03563,59.73789463176049
test_03564,63.55272594157968
test_03565,102.77861470287212
test_03566,15.000403975698827
test_03567,51.31217209883294
test_03568,56.180994909689154
test_03569,80.70299003953531
test_03570,110.1681627891748
test_03571,36.0940913670711
test_03572,24.101081851665192
test_03573,13.925214406570847
test_03574,10.678105110052723
test_03575,23.62113169268323
test_03576,76.68650515984336
test_03577,63.93344265212498
test_03578,18.033970280865354
test_03579,57.73390968980707
test_03580,59.856285059313045
test_03581,36.90333295623174
test_03582,111.48128330758927
test_03583,87.79943548273442
test_03584,5.390300174222167
test_03585,21.798242048941727
test_03586,9.445763084105616
test_03587,22.7601276855928
test_03588,31.59245290946016
test_03589,22.231374031072374
test_03590,7.664802971774434
test_03591,19.308072188248357
test_03592,16.473810123540783
test_03593,147.78396142459525
test_03594,16.97848036034252
test_03595,44.46162284792278
test_03596,9.452505213051033
test_03597,8.380389258021024
test_03598,10.86267368380506
test_03599,33.08413352920564
test_03600,37.33939066405622
test_03601,75.3123961720315
test_03602,40.35641018440089
test_03603,147.33877084159096
test_03604,66.99252436839109
test_03605,32.992044854888995
test_03606,11.784017882376338
test_03607,24.740370922518764
test_03608,39.72768481038615
test_03609,93.06859604441605
test_03610,69.82463559347104
test_03611,28.371280873920437
test_03612,182.7875548526282
test_03613,32.65460302055254
test_03614,7.723563601725406
test_03615,9.231441101819511
test_03616,33.607257189811264
test_03617,106.47691499162923
test_03618,201.92273303074865
test_03619,167.46475215976875
test_03620,99.19331959569323
test_03621,37.39715635656335
test_03622,54.43661277264035
test_03623,64.30053397567745
test_03624,48.41889460980265
test_03625,20.29714506075367
test_03626,43.177329333207524
test_03627,134.97758624769463
test_03628,52.02482012213578
test_03629,111.71249047797679
test_03630,178.0698575314691
test_03631,237.97645699826947
test_03632,144.15459292316828
test_03633,97.06866487628281
test_03634,70.44765162118054
test_03635,170.6042272914937
test_03636,86.63091068475964
test_03637,44.83643137976152
test_03638,11.33165119840948
test_03639,18.98472234814384
test_03640,44.7856908126338
test_03641,98.90171138702699
test_03642,9.385378922335367
test_03643,48.651054518702004
test_03644,5.812173032095095
test_03645,31.356773318043697
test_03646,10.386273575535705
test_03647,7.168702822243747
test_03648,71.71688357197556
test_03649,131.86269843714334
test_03650,259.28165187191854
test_03651,238.24092328561213
test_03652,112.55184002901792
test_03653,111.64976963925092
test_03654,12.54652963516185
test_03655,83.95610460450114
test_03656,209.17359291361436
test_03657,64.37045919534532
test_03658,64.79040104976528
test_03659,48.216220092423605
test_03660,18.729103788752248
test_03661,21.45339303972226
test_03662,85.83326231167877
test_03663,62.95659287772164
test_03664,167.31927696845185
test_03665,26.5425016826316
test_03666,68.40566555141298
test_03667,9.00327992086058
test_03668,7.094747662640097
test_03669,10.395993676395062
test_03670,79.17357904547313
test_03671,202.1222673388649
test_03672,356.82513989722014
test_03673,24.603156552764045
test_03674,97.52817951206592
test_03675,149.0386720976288
test_03676,6.653397765992284
test_03677,116.86573269594504
test_03678,121.70701955324573
test_03679,398.7578589916562
test_03680,71.76178496036943
test_03681,40.97747939441842
test_03682,107.74308553744234
test_03683,184.08516360017484
test_03684,7.488070758504738
test_03685,39.01235799915164
test_03686,106.6417219972312
test_03687,226.73707263343093
test_03688,10.388643278305404
test_03689,15.148299419601683
test_03690,7.07187639585809
test_03691,87.56422240446837
test_03692,230.25773373070223
test_03693,228.64191434638462
test_03694,171.0078204622156
test_03695,301.32317248274876
test_03696,368.1477394469038
test_03697,12.709566022726667
test_03698,84.49128448055596
test_03699,163.2040959649481
test_03700,179.38431099978715
test_03701,11.758372807193082
test_03702,146.22961665197815
test_03703,17.9024318693674
test_03704,194.77073030646434
test_03705,424.80299055339646
test_03706,86.07027147270341
test_03707,214.83953865645765
test_03708,427.70868855291116
test_03709,253.5716638127268
test_03710,192.3219968578794
test_03711,169.43070575196455
test_03712,20.00708866344481
test_03713,13.23173573958927
test_03714,6.39855922142137
test_03715,31.84355659312348
test_03716,97.56577205767897
test_03717,13.326216285644708
test_03718,29.8605438987113
test_03719,90.31948010137553
test_03720,116.42270274559107
test_03721,171.93645016799417
test_03722,54.4539205812082
test_03723,7.183860499400596
test_03724,86.02566185014997
test_03725,14.385576992370039
test_03726,23.06827678964789
test_03727,72.09423506053103
test_03728,161.3245699560807
test_03729,259.2118398211859
test_03730,7.638724393516957
test_03731,570.3438193990812
test_03732,11.1065500986545
test_03733,9.876491141852412
test_03734,86.38615244711798
test_03735,7.6538560613492574
test_03736,65.89216052390437
test_03737,109.03385091757245
test_03738,269.92955860554275
test_03739,6.418363104676827
test_03740,7.0319664285904695
test_03741,77.42623903132029
test_03742,8.940592760568247
test_03743,7.01708369359892
test_03744,8.084779097230784
test_03745,153.04820702438656
test_03746,146.11920527544996
test_03747,159.83433961925746
test_03748,222.6454238714162
test_03749,262.08910437490016
test_03750,6.317379661123885
test_03751,88.16412901045939
test_03752,142.3928459879322
test_03753,6.109863918092572
test_03754,54.87461527731522
test_03755,92.82774425236248
test_03756,12.386546293631477
test_03757,32.0128101000293
test_03758,12.50330452879879
test_03759,28.769278605819693
test_03760,66.56415706560536
test_03761,5.896273427845827
test_03762,216.44991999447655
test_03763,154.64637974876538
test_03764,383.8335675622036
test_03765,78.75001790838071
test_03766,59.20574623269696
test_03767,126.24802369817272
test_03768,10.5476004568292
test_03769,9.942671700868152
test_03770,7.9429187852856975
test_03771,17.93170209098515
test_03772,109.5437723949009
test_03773,10.428607504752524
test_03774,96.11756034641674
test_03775,290.38799983052286
test_03776,63.976498427097994
test_03777,47.38307758591792
test_03778,52.20143385934065
test_03779,124.91172614764068
test_03780,58.47419046519833
test_03781,8.566716523731994
test_03782,48.21188819198471
test_03783,53.2511997432507
test_03784,10.013077260713786
test_03785,54.409377370654404
test_03786,8.878560923578576
test_03787,8.765194683603838
test_03788,118.00866569450741
test_03789,67.45651231420295
test_03790,5.762250580051162
test_03791,64.0714608358985
test_03792,108.61927328335847
test_03793,97.51992994219096
test_03794,21.76078078852248
test_03795,8.93043235400878
test_03796,42.695171161045074
test_03797,70.01754796546095
test_03798,34.90106297647539
test_03799,85.8863835708143
test_03800,62.99571088810327
test_03801,90.18389900145304
test_03802,11.346304601802908
test_03803,12.684630697078118
test_03804,24.87726818047334
test_03805,78.37751146578236
test_03806,93.6303692612776
test_03807,47.34916354727346
test_03808,28.71967696364573
test_03809,57.114575187279144
test_03810,63.81187983007387
test_03811,57.612131901113756
test_03812,71.26059372334889
test_03813,105.1981715145931
test_03814,52.65104903594027
test_03815,174.4733463170114
test_03816,205.01646509051227
test_03817,18.93248927780421
test_03818,9.168485049192034
test_03819,33.06185242986351
test_03820,46.26846012195838
test_03821,11.264654114291803
test_03822,41.93592405868792
test_03823,71.92174290362833
test_03824,27.6123828210868
test_03825,42.179382845492
test_03826,145.5604436928629
test_03827,11.603494621366636
test_03828,35.33671466629562
test_03829,60.70601093406795
test_03830,90.48493274788072
test_03831,42.194692141251195
test_03832,47.38702799731003
test_03833,83.21773686026548
test_03834,107.52660131763209
test_03835,80.11333350034867
test_03836,69.06378460948625
test_03837,86.9912266224265
test_03838,58.83293342268935
test_03839,12.145832072216109
test_03840,11.06470911644235
test_03841,82.29038490443513
test_03842,45.691644354678274
test_03843,15.194092168759068
test_03844,89.80006239553627
test_03845,30.785718358947157
test_03846,38.14160608139876
test_03847,37.139185962845396
test_03848,69.72143592585444
test_03849,74.62557958544649
test_03850,75.60941142317013
test_03851,108.99377598234169
test_03852,97.91921291279763
test_03853,207.3689759621016
test_03854,54.00848368275713
test_03855,24.121380388035135
test_03856,61.300784126662464
test_03857,54.602620682766656
test_03858,63.923032572015096
test_03859,14.687938805431425
test_03860,36.1331956659881
test_03861,21.736191816936685
test_03862,35.43390541628051
test_03863,102.8027262909399
test_03864,107.17827711805246
test_03865,71.7535207184445
test_03866,119.0306211770289
test_03867,6.454954163950732
test_03868,19.223293031948383
test_03869,75.31515370005695
test_03870,106.11458331873123
test_03871,123.94295504408035
test_03872,74.01486886946495
test_03873,24.32383064591139
test_03874,40.214062838385914
test_03875,117.4746475080527
test_03876,45.18640630315615
test_03877,90.15553474028012
test_03878,90.47592072201971
test_03879,62.32252061925474
test_03880,63.9100907269176
test_03881,120.30172804347377
test_03882,99.71511539660618
test_03883,68.86260129994778
test_03884,25.82785342245449
test_03885,38.25490410725273
test_03886,29.668326257762367
test_03887,35.66482708033873
test_03888,101.40248874553944
test_03889,106.94951421633405
test_03890,84.12359867917374
test_03891,9.725501169423989
test_03892,34.90027101458938
test_03893,58.33641722302955
test_03894,144.76177773776183
test_03895,140.57161823586856
test_03896,31.44868270633629
test_03897,42.771004491024925
test_03898,15.802478798738358
test_03899,116.47001815346803
test_03900,124.3334903541277
test_03901,32.38250207763087
test_03902,69.33044255821618
test_03903,165.86088773338622
test_03904,93.72273801379525
test_03905,87.43177609001962
test_03906,78.29763589253542
test_03907,123.16611477459793
test_03908,20.414211746255948
test_03909,59.395275503373476
test_03910,38.7075710543459
test_03911,74.93313075480953
test_03912,92.15380770619073
test_03913,38.624518593183154
test_03914,29.78825475778803
test_03915,25.954218335000654
test_03916,11.252787132578192
test_03917,29.454334049682835
test_03918,99.49570742757243
test_03919,60.0998134372
test_03920,36.18586929232777
test_03921,65.49052168615387
test_03922,67.65510049234555
test_03923,46.30624667650981
test_03924,89.46610239493445
test_03925,115.75421794380722
test_03926,7.823065522948035
test_03927,29.5980830680573
test_03928,7.259355021113854
test_03929,25.621032717493556
test_03930,39.8689992987692
test_03931,23.152992366257344
test_03932,7.21414603631857
test_03933,14.591270992840563
test_03934,21.77360359077851
test_03935,134.24907866439597
test_03936,37.67555877451908
test_03937,17.786847404263106
test_03938,47.970261009060614
test_03939,11.35298976872298
test_03940,9.894797530804205
test_03941,14.499620123881854
test_03942,33.59914671414895
test_03943,39.629473859834
test_03944,82.67523751657487
test_03945,61.342399631662296
test_03946,159.53645966256437
test_03947,29.716690212342115
test_03948,36.4335999690861
test_03949,13.94388077308273
test_03950,34.21020506687963
test_03951,55.22144302428176
test_03952,92.61061133041704
test_03953,86.39451052774233
test_03954,176.32522359027422
test_03955,32.034236204836105
test_03956,12.579462691571816
test_03957,8.375134241449205
test_03958,46.87439990806032
test_03959,89.72960561011179
test_03960,199.84332919567598
test_03961,176.6972433230045
test_03962,98.00006255672015
test_03963,37.86133488274338
test_03964,55.705183464467666
test_03965,47.23749407110454
test_03966,46.26922759269356
test_03967,17.228805115675225
test_03968,48.81192921593535
test_03969,146.6863267469124
test_03970,48.63809995366104
test_03971,121.2800724175013
test_03972,236.41339526356248
test_03973,131.70074616816618
test_03974,133.1634182670863
test_03975,97.66795742958516
test_03976,63.818702318119804
test_03977,223.16054323946295
test_03978,61.11979619701977
test_03979,44.1099760965228
test_03980,10.855739738645982
test_03981,20.300906073675524
test_03982,65.72644153254174
test_03983,114.72221501702285
test_03984,11.047323831667182
test_03985,56.418193225124675
test_03986,6.328173757544199
test_03987,29.51274973545174
test_03988,13.415445683825569
test_03989,8.079375176517726
test_03990,75.03706774896217
test_03991,158.6210743973035
test_03992,257.63079536188724
test_03993,220.90400450103212
test_03994,115.30983048746945
test_03995,129.8400700957774
test_03996,14.83885297126209
test_03997,102.1618321624684
test_03998,186.06150771306648
test_03999,129.67200803635217
test_04000,61.608665452343054
test_04001,54.02346073390976
test_04002,21.32611802831792
test_04003,16.902302317242448
test_04004,70.20908917182884
test_04005,59.19599093425644
test_04006,184.45311072554293
test_04007,25.443102073574096
test_04008,69.45031780710626
test_04009,10.789538895191475
test_04010,7.749524954853451
test_04011,29.448295337208624
test_04012,90.92640945987856
test_04013,218.48062220644331
test_04014,353.3568596690398
test_04015,17.94551766677735
test_04016,121.605638186148
test_04017,142.77488928788392
test_04018,8.986608146578693
test_04019,142.34031212241305
test_04020,255.2127122267707
test_04021,481.6657647534036
test_04022,107.26019066773569
test_04023,42.3166034083719
test_04024,136.29071002378606
test_04025,227.89958846570488
test_04026,10.752199639029774
test_04027,18.78295019671219
test_04028,192.6661140885159
test_04029,225.85020113123633
test_04030,10.294196875260846
test_04031,13.85213993734971
test_04032,8.424010042568256
test_04033,244.24046741573008
test_04034,275.87719340083896
test_04035,250.17861683558226
test_04036,235.60823867241905
test_04037,432.975031557612
test_04038,442.87120303200675
test_04039,14.250413836619678
test_04040,89.56601582514543
test_04041,139.8967806803007
test_04042,176.83567470549767
test_04043,9.83317138429722
test_04044,156.21023330338178
test_04045,12.05400363187481
test_04046,363.48362259026726
test_04047,331.9346304726814
test_04048,384.22181568380546
test_04049,85.10454248997584
test_04050,318.25162017643044
test_04051,470.0952418822203
test_04052,254.52925336830816
test_04053,202.91033030131888
test_04054,190.63596956194147
test_04055,19.471055603909893
test_04056,14.541758987929942
test_04057,9.67984987815083
test_04058,54.86983694225311
test_04059,90.78410489353234
test_04060,12.95755996335395
test_04061,31.232491050299128
test_04062,84.46684856124259
test_04063,129.32414787267237
test_04064,173.33559954663556
test_04065,56.23875944014465
test_04066,8.891758514161078
test_04067,80.92731984715066
test_04068,10.159678906135754
test_04069,23.02402960648933
test_04070,104.06924129210431
test_04071,194.78866785122605
test_04072,349.6205608155706
test_04073,7.512230032574383
test_04074,450.5151576931709
test_04075,14.046494474289982
test_04076,8.00687233596334
test_04077,121.53563763498722
test_04078,9.004302284494782
test_04079,62.610700722927774
test_04080,103.75804190323758
test_04081,357.0984731424307
test_04082,6.683637605162916
test_04083,9.229334863366839
test_04084,44.08734975877342
test_04085,10.691672559335554
test_04086,8.21997680789413
test_04087,10.249673047148429
test_04088,140.32396523815697
test_04089,162.6946908116148
test_04090,212.8895545041039
test_04091,237.69142271415828
test_04092,262.3974922254078
test_04093,5.983053518208985
test_04094,107.32242308622621
test_04095,151.06972573838254
test_04096,6.958068389313821
test_04097,57.368174141228785
test_04098,94.20142638867533
test_04099,13.461014668877857
test_04100,24.77994627091701
test_04101,8.537404519653188
test_04102,25.825922499453053
test_04103,6.860947956943823
