id,PM2.5
test_00001,185.81157105886143
test_00002,153.66354902686254
test_00003,419.1706145587191
test_00004,87.87621509378712
test_00005,48.00029660841392
test_00006,121.29829879185775
test_00007,9.882277585027119
test_00008,7.818178504526593
test_00009,60.42998733507011
test_00010,127.76426073262972
test_00011,11.368772400235166
test_00012,123.23708750825597
test_00013,272.03060478072337
test_00014,317.45499223528026
test_00015,66.93979879206941
test_00016,47.1639860816333
test_00017,45.18867185830264
test_00018,128.19037656811042
test_00019,54.430250678528864
test_00020,11.018946190563716
test_00021,25.83139106399409
test_00022,34.67279081386122
test_00023,8.999498102503743
test_00024,48.22730967904323
test_00025,9.657725627833504
test_00026,9.721066191786985
test_00027,103.42234643220289
test_00028,68.72386331506357
test_00029,6.738387078250955
test_00030,8.235644456588602
test_00031,58.79801709629077
test_00032,103.20364634738519
test_00033,94.2207391917596
test_00034,21.18398612476825
test_00035,7.86577952439709
test_00036,80.70583038981161
test_00037,93.89954301450894
test_00038,18.15833436123104
test_00039,33.6500391320715
test_00040,83.37714514531274
test_00041,9.081029609196838
test_00042,10.319200540220738
test_00043,25.35223403461111
test_00044,74.70431587666243
test_00045,72.93149270913021
test_00046,59.5961588289001
test_00047,23.793090086904765
test_00048,59.74214155359846
test_00049,55.4898452866237
test_00050,68.12933461947412
test_00051,87.94000115682289
test_00052,105.4479897141984
test_00053,56.65433644157259
test_00054,184.10998309679076
test_00055,187.53410458269423
test_00056,22.914331985642065
test_00057,10.144955930885601
test_00058,27.363309152543458
test_00059,58.92533498145057
test_00060,31.68044994966683
test_00061,34.19848289106497
test_00062,55.668258327075804
test_00063,24.25696628824923
test_00064,53.22967299690198
test_00065,136.2687674400182
test_00066,27.636081150279242
test_00067,33.44709828279417
test_00068,63.791855249693526
test_00069,64.10858922227968
test_00070,40.544275742888665
test_00071,46.42060309577024
test_00072,77.68438915973792
test_00073,124.09736613384231
test_00074,85.89772942135869
test_00075,62.57950667697641
test_00076,75.41639110621703
test_00077,49.995664940963785
test_00078,9.643842868993772
test_00079,15.784516553273605
test_00080,58.854134445356664
test_00081,38.42980393035942
test_00082,10.24120515235064
test_00083,88.28493262762962
test_00084,30.350292644685815
test_00085,41.349620064770946
test_00086,43.17176785205435
test_00087,66.13605671460091
test_00088,77.43588041735364
test_00089,70.5113390973874
test_00090,127.46776617315476
test_00091,76.82014644671294
test_00092,200.17241444460007
test_00093,47.29956226152113
test_00094,8.248051979353525
test_00095,65.3848330306279
test_00096,42.0506627005878
test_00097,57.89197543221174
test_00098,14.748625183184165
test_00099,75.51043978835182
test_00100,17.80670929736403
test_00101,19.45698974109565
test_00102,126.66332843366791
test_00103,85.91426733002353
test_00104,153.67340328923993
test_00105,58.849869575250445
test_00106,108.76080831039268
test_00107,7.655053062636576
test_00108,18.467122333397732
test_00109,34.24588741513134
test_00110,65.56274456206432
test_00111,99.46787627127513
test_00112,124.75654727427238
test_00113,54.94280185440639
test_00114,24.03989541428175
test_00115,35.9540151691231
test_00116,112.58435645756833
test_00117,47.63554575924927
test_00118,82.97756856010362
test_00119,86.20939817295644
test_00120,74.90939073190445
test_00121,64.09300944267615
test_00122,104.67826770551464
test_00123,80.33018002521302
test_00124,53.29494605472746
test_00125,24.284334682295054
test_00126,62.84958235484099
test_00127,36.02573442661628
test_00128,37.13631233393935
test_00129,86.75665176709569
test_00130,113.30949244263732
test_00131,72.70986120082145
test_00132,12.012430064662574
test_00133,26.830716379946836
test_00134,63.1943630001644
test_00135,144.87520691080533
test_00136,124.78266164704854
test_00137,39.48468800086029
test_00138,15.020251255173736
test_00139,119.34475586416286
test_00140,104.84472982391611
test_00141,40.70073444471338
test_00142,82.72669823264214
test_00143,98.36257599190444
test_00144,53.30571526616163
test_00145,85.80933973716309
test_00146,76.05778783023828
test_00147,107.893372716924
test_00148,13.539827241046623
test_00149,44.439297172130864
test_00150,49.55886692007526
test_00151,68.67277398569337
test_00152,98.14520907414094
test_00153,42.9650330017899
test_00154,35.78460974093709
test_00155,12.50616419631248
test_00156,10.905575942913167
test_00157,21.852823887919623
test_00158,77.66142012230941
test_00159,69.17440317074342
test_00160,22.823075693220293
test_00161,54.37059485839961
test_00162,60.66313925173574
test_00163,30.454793826361616
test_00164,83.05551971895117
test_00165,104.5073419482999
test_00166,9.601459840562555
test_00167,21.198747775637795
test_00168,11.185731095703405
test_00169,19.649948798705523
test_00170,22.235627518324222
test_00171,22.65197886628516
test_00172,7.015235785972643
test_00173,15.023238519060762
test_00174,14.348594639181377
test_00175,144.68331629447312
test_00176,37.02168205658403
test_00177,11.269404301397056
test_00178,12.176813970698213
test_00179,9.020184784431615
test_00180,12.019747196507167
test_00181,28.72494946778751
test_00182,40.84987889932631
test_00183,67.67016506827073
test_00184,77.24215321825461
test_00185,153.7793495255163
test_00186,27.948215984605486
test_00187,31.24786768447396
test_00188,12.75295925630551
test_00189,16.580598816401334
test_00190,39.01838408432707
test_00191,91.90863464614593
test_00192,99.62923358368825
test_00193,26.188086676318957
test_00194,181.19774210485096
test_00195,25.740590855304827
test_00196,9.30389144287623
test_00197,34.18582279711067
test_00198,91.1001200126669
test_00199,204.10488656893642
test_00200,161.24854610828567
test_00201,106.71881194975388
test_00202,36.11091905920009
test_00203,60.56265451633236
test_00204,54.109354869739306
test_00205,52.93742120369387
test_00206,18.4122333223101
test_00207,43.510744589222675
test_00208,137.70146694629676
test_00209,52.388572783509986
test_00210,121.980286292443
test_00211,220.4287907651857
test_00212,273.5079641583958
test_00213,123.62880453926677
test_00214,96.51080059625392
test_00215,64.07022708275781
test_00216,180.77246526482315
test_00217,55.58977528241096
test_00218,39.554074618598776
test_00219,13.472127401214905
test_00220,23.799438134052533
test_00221,47.14165373810384
test_00222,119.5706149747397
test_00223,6.003692520770797
test_00224,65.6414042597422
test_00225,6.44248052448896
test_00226,27.671809140504017
test_00227,10.460934070498261
test_00228,7.304789857342935
test_00229,70.69186211080924
test_00230,113.59912896558436
test_00231,291.03300829779874
test_00232,227.4960157777118
test_00233,106.56325302310805
test_00234,94.67197552894395
test_00235,12.722728200867865
test_00236,92.00776618607392
test_00237,217.37810883705492
test_00238,27.289540198469187
test_00239,71.38567750549032
test_00240,56.59664721387085
test_00241,17.840863709024475
test_00242,31.34951900402899
test_00243,89.99183256602164
test_00244,63.349372439457895
test_00245,194.30519342015725
test_00246,26.43787165463432
test_00247,76.76469665815267
test_00248,8.22093714802752
test_00249,6.880333871133553
test_00250,11.208818652237914
test_00251,73.80441838172388
test_00252,193.0401550912918
test_00253,256.46995833756625
test_00254,20.45101512000923
test_00255,75.39833704412553
test_00256,150.0799415573598
test_00257,6.840472480938482
test_00258,133.16881127612095
test_00259,129.2976670117551
test_00260,514.7562459079455
test_00261,72.95061178231248
test_00262,29.956757724411887
test_00263,119.31736385485523
test_00264,192.36024483678887
test_00265,6.748500296600494
test_00266,17.36725173635399
test_00267,117.69949838263767
test_00268,230.37303274957793
test_00269,8.196447773357269
test_00270,15.301605929260365
test_00271,7.897152413990899
test_00272,60.087526507229875
test_00273,269.2505577695504
test_00274,200.06266828678653
test_00275,198.9414035336318
test_00276,405.8659748205146
test_00277,385.8350101804267
test_00278,16.13668818508215
test_00279,81.56259953609646
test_00280,168.8996393245361
test_00281,183.95821174984877
test_00282,13.647304389354462
test_00283,136.54437296190403
test_00284,15.10054725752931
test_00285,316.38767220518065
test_00286,285.32043482927673
test_00287,424.93729272727404
test_00288,80.14906692805533
test_00289,284.6226754905796
test_00290,349.58825681131566
test_00291,252.47171723471723
test_00292,179.43103912404388
test_00293,135.8911082398074
test_00294,19.06027627874306
test_00295,15.332016195094386
test_00296,6.101383277666512
test_00297,40.083977256195325
test_00298,77.8713504589386
test_00299,12.841045510622761
test_00300,33.20893894448872
test_00301,91.26019268751571
test_00302,123.09527692111484
test_00303,169.7380987841475
test_00304,60.91573775452784
test_00305,11.649133341199688
test_00306,73.04955283376762
test_00307,10.858915594761585
test_00308,23.102417852522034
test_00309,78.96710803588556
test_00310,199.4049568080664
test_00311,297.88034553488365
test_00312,10.957453097002679
test_00313,518.0689607655369
test_00314,10.729778568005802
test_00315,8.199765726826179
test_00316,98.04198577275065
test_00317,8.84734844423175
test_00318,54.062131407048994
test_00319,87.14004335470548
test_00320,272.71530840434696
test_00321,8.076065342732925
test_00322,7.253498219072102
test_00323,87.66545458860594
test_00324,10.466576677614743
test_00325,7.839155961096813
test_00326,8.856323533584913
test_00327,114.48860166326901
test_00328,143.09269644631854
test_00329,177.08822824019182
test_00330,261.59656076959527
test_00331,292.1248217041359
test_00332,6.29077194760035
test_00333,75.55628086507572
test_00334,161.43955674606067
test_00335,6.470231421419511
test_00336,50.28587511959715
test_00337,95.3772388781848
test_00338,15.978817757920138
test_00339,24.319059858450736
test_00340,10.919651390859013
test_00341,21.02961659452137
test_00342,7.639031225539966
test_00343,120.45273494851926
test_00344,176.2359102800045
test_00345,271.050048425401
test_00346,45.995134843965594
test_00347,26.660657201955367
test_00348,82.53642027278929
test_00349,9.63000467680179
test_00350,10.718486431635688
test_00351,14.868945041746315
test_00352,18.76406479838566
test_00353,95.10183959053964
test_00354,13.699982095921865
test_00355,78.4220691407287
test_00356,226.0714493207529
test_00357,268.2975431354388
test_00358,64.11815665139194
test_00359,42.423328204562345
test_00360,23.67473214433185
test_00361,105.01686683204244
test_00362,55.09126881371201
test_00363,7.102970630580453
test_00364,9.763172185053987
test_00365,12.248357029143254
test_00366,7.579216918300681
test_00367,17.273603301734333
test_00368,7.1928459683716435
test_00369,6.405757922975931
test_00370,60.7386784420447
test_00371,69.8418989113778
test_00372,6.346986943228229
test_00373,16.204626700294998
test_00374,36.97675818885506
test_00375,45.615036982841644
test_00376,76.73250939451765
test_00377,14.561052238903532
test_00378,9.223985215108858
test_00379,11.392517142666469
test_00380,49.02522126753112
test_00381,28.46598382454595
test_00382,99.53824083078439
test_00383,14.834176162660647
test_00384,35.77052261039253
test_00385,87.30043985811562
test_00386,8.73613405460171
test_00387,12.935279432812356
test_00388,23.568229915340773
test_00389,88.75028945674383
test_00390,68.33655295492375
test_00391,43.56434941838506
test_00392,11.599196573719608
test_00393,45.040968149829865
test_00394,84.8872971052769
test_00395,73.06774646316791
test_00396,66.54131974035994
test_00397,71.61210567585319
test_00398,50.28060214086625
test_00399,150.92323812297255
test_00400,33.855624778286234
test_00401,10.26351879780157
test_00402,16.42225885119983
test_00403,12.345903226100594
test_00404,15.50883104931675
test_00405,70.61084766939793
test_00406,23.472331926156347
test_00407,38.51953035927992
test_00408,180.65451077597186
test_00409,18.450232930721825
test_00410,30.540298536826953
test_00411,58.141325008574825
test_00412,13.483650042120232
test_00413,17.501507553912937
test_00414,44.41806009948715
test_00415,80.70181731779337
test_00416,97.3380793367869
test_00417,76.36727949753713
test_00418,41.712522906785146
test_00419,72.47038378079722
test_00420,23.813632365194383
test_00421,14.089130007171645
test_00422,14.568523031248352
test_00423,18.51951555501838
test_00424,79.5510469237791
test_00425,10.59082739842746
test_00426,67.31347694225123
test_00427,47.37388174180165
test_00428,56.003666446079755
test_00429,87.86209151869741
test_00430,102.67189098845174
test_00431,71.44623756222153
test_00432,72.06887984820389
test_00433,111.40841558137564
test_00434,70.28258816187656
test_00435,126.75889501622734
test_00436,46.05172028734313
test_00437,6.2448259755489905
test_00438,48.32710026276676
test_00439,28.107535254868075
test_00440,30.362033523963362
test_00441,8.317287395052293
test_00442,18.314355740250466
test_00443,22.57172261403918
test_00444,24.644964960580438
test_00445,49.02196420008276
test_00446,135.0102859020755
test_00447,97.52881772598005
test_00448,60.62983717786951
test_00449,35.11962369294957
test_00450,13.074358703527839
test_00451,29.844122597282244
test_00452,77.4519278256721
test_00453,64.74948897201374
test_00454,117.27596990611997
test_00455,10.368569933266333
test_00456,19.78984470795653
test_00457,36.24448884817519
test_00458,99.82394402613525
test_00459,41.91717682733192
test_00460,83.80194643153945
test_00461,68.45611158565781
test_00462,68.68884734573402
test_00463,52.02809471750031
test_00464,89.0221787951104
test_00465,56.14987528178065
test_00466,39.76485204928047
test_00467,9.187171440469783
test_00468,42.96188241271653
test_00469,20.157656290158254
test_00470,29.95915605040812
test_00471,64.92789731366835
test_00472,106.30316718014959
test_00473,30.661967116766082
test_00474,7.657770276860189
test_00475,15.180381630877841
test_00476,86.43487180909953
test_00477,151.5558856873579
test_00478,68.34317501394655
test_00479,35.262071935190974
test_00480,23.11983791945583
test_00481,13.5246844528108
test_00482,67.22418555731886
test_00483,137.5167262101382
test_00484,30.277732383310067
test_00485,40.66561344888884
test_00486,61.62230842967807
test_00487,24.279138824701295
test_00488,40.94181610485368
test_00489,68.06716745313159
test_00490,90.78027244461843
test_00491,16.86840667132526
test_00492,37.14923978574692
test_00493,45.90134020650298
test_00494,93.70957792447467
test_00495,36.59490109090753
test_00496,25.937438424424933
test_00497,10.082131364614126
test_00498,20.378408362221325
test_00499,21.25760189477172
test_00500,62.21893247311996
test_00501,52.05552687986047
test_00502,15.904472825494931
test_00503,39.29226828891189
test_00504,44.65736681211565
test_00505,34.30902266369203
test_00506,66.48178095255572
test_00507,57.250548731908935
test_00508,5.787728606158492
test_00509,11.023132722539824
test_00510,6.6755227169673415
test_00511,18.032821677547062
test_00512,16.574006950134343
test_00513,17.724223572232955
test_00514,11.581779306022245
test_00515,18.57119459043912
test_00516,16.130448479619943
test_00517,128.39099720350848
test_00518,36.40423250742995
test_00519,10.700886791290543
test_00520,50.43183834376761
test_00521,9.588251015675066
test_00522,10.542745808138866
test_00523,15.340289296066258
test_00524,20.173263921859565
test_00525,27.17452340251959
test_00526,111.40071464945291
test_00527,27.659966883554183
test_00528,47.5128777661345
test_00529,32.59608821640228
test_00530,27.48565486566011
test_00531,9.278147103941967
test_00532,13.063251326623643
test_00533,24.876951380667617
test_00534,81.26326523646551
test_00535,97.23202839043901
test_00536,11.366241159342547
test_00537,112.76068031715442
test_00538,20.80025952244394
test_00539,12.12937166249449
test_00540,9.421097202882608
test_00541,32.19488051751665
test_00542,104.03006817495138
test_00543,164.2259771693322
test_00544,157.90929841481298
test_00545,114.24341873319895
test_00546,44.26019582560988
test_00547,52.524313360732876
test_00548,62.432761589978504
test_00549,36.224431390477946
test_00550,22.059969693550908
test_00551,56.37592727677247
test_00552,103.41354815938345
test_00553,81.09414973472303
test_00554,115.8899030690809
test_00555,152.6994211047571
test_00556,241.6458970727213
test_00557,160.13078569622766
test_00558,19.501661286747925
test_00559,92.95795927368846
test_00560,141.40349417311134
test_00561,119.12859310645428
test_00562,35.142035754934255
test_00563,10.085751249692525
test_00564,32.18167242619435
test_00565,55.610255122105386
test_00566,102.39143953626504
test_00567,16.56837895757565
test_00568,42.816305121244
test_00569,6.583802149971124
test_00570,29.98807461524295
test_00571,11.175197322147842
test_00572,9.456589295322475
test_00573,66.02351738667294
test_00574,30.24516667826486
test_00575,273.39176645240667
test_00576,231.93964824241934
test_00577,173.4204847153981
test_00578,70.84166392347606
test_00579,18.43981048038642
test_00580,52.72812142441886
test_00581,218.1687786297951
test_00582,31.429442331721493
test_00583,49.71134204523431
test_00584,55.22731648411245
test_00585,53.73023683139459
test_00586,18.59836097157098
test_00587,90.5950760857106
test_00588,112.18708218991412
test_00589,183.08923754729824
test_00590,20.10857352045462
test_00591,59.6644996575362
test_00592,12.099654661691787
test_00593,9.398380631659421
test_00594,10.044573557405423
test_00595,62.01322985992981
test_00596,131.73676488800567
test_00597,223.18923094850908
test_00598,26.03277697257542
test_00599,73.38722836439086
test_00600,113.15519810601074
test_00601,21.058470436472312
test_00602,25.99425656243109
test_00603,84.716083059716
test_00604,167.81159574753514
test_00605,157.78542556645897
test_00606,27.448448090370594
test_00607,108.18525626200599
test_00608,172.1316355103718
test_00609,12.351541299776615
test_00610,85.1095766297362
test_00611,71.80998253611314
test_00612,204.5659395639932
test_00613,48.57591606005654
test_00614,9.19869363110177
test_00615,13.32492952447786
test_00616,84.59844824702103
test_00617,168.68038628321543
test_00618,231.9470936024145
test_00619,207.40548789312382
test_00620,308.33696286859526
test_00621,424.5986451772267
test_00622,10.761563063413202
test_00623,63.67650675982428
test_00624,235.09031270426686
test_00625,224.47646110284182
test_00626,11.306861917339104
test_00627,81.98481865589785
test_00628,8.853245512723326
test_00629,53.544753466758195
test_00630,122.60941657297145
test_00631,371.2477136997193
test_00632,10.365712307774988
test_00633,136.91239360696818
test_00634,167.4728047977005
test_00635,195.28724812730186
test_00636,163.87255779139514
test_00637,256.3889830765223
test_00638,20.661480021706854
test_00639,10.152830860972319
test_00640,9.080612777401686
test_00641,21.803420012952525
test_00642,27.235017229402967
test_00643,11.540524507070304
test_00644,22.413006301922415
test_00645,101.09183191599357
test_00646,112.93275885973584
test_00647,171.9387718170576
test_00648,54.02475551570858
test_00649,10.017574891768234
test_00650,50.45234548408166
test_00651,14.029524494860098
test_00652,34.4892625125575
test_00653,43.99961477583901
test_00654,119.36157292331393
test_00655,204.21797920614333
test_00656,7.929486200603899
test_00657,269.0120625371287
test_00658,8.871029633425698
test_00659,13.630781850979774
test_00660,70.97075135199437
test_00661,11.043292517277784
test_00662,100.41414206381883
test_00663,115.96426154244797
test_00664,238.52097723340563
test_00665,9.943010288198328
test_00666,12.602057722662696
test_00667,80.8168547686577
test_00668,7.8864126935865215
test_00669,7.765492005921056
test_00670,11.511346273277837
test_00671,68.98293519609132
test_00672,83.46457731823023
test_00673,88.60646449331072
test_00674,232.67164694543123
test_00675,267.0122738755949
test_00676,8.030141284273144
test_00677,62.13733685966209
test_00678,124.49578633253148
test_00679,5.830183332387368
test_00680,33.34645478911202
test_00681,108.48806520795935
test_00682,15.86365882202503
test_00683,23.621505924274143
test_00684,13.389680110211632
test_00685,53.54347314350758
test_00686,69.37366403270752
test_00687,7.699540748442232
test_00688,155.23901848938038
test_00689,183.46177809284256
test_00690,348.3694724022581
test_00691,59.319801430346445
test_00692,29.768326218982892
test_00693,43.55611084149825
test_00694,6.680438130446133
test_00695,7.671016283186658
test_00696,9.290614577699149
test_00697,12.947816001261227
test_00698,98.317520934643
test_00699,10.17412979317053
test_00700,99.40183208653237
test_00701,231.47011493810749
test_00702,305.79159629440977
test_00703,57.34248199089876
test_00704,54.86800078484757
test_00705,45.2871836955868
test_00706,150.9285992615784
test_00707,84.04911714701095
test_00708,6.176294201246479
test_00709,7.6122231694605595
test_00710,9.890112681861263
test_00711,6.460517845551884
test_00712,19.37154760439
test_00713,7.423715143153821
test_00714,5.91524663818725
test_00715,62.02573130120476
test_00716,119.29713221028581
test_00717,7.451228958531595
test_00718,7.003988678262797
test_00719,35.444610445722965
test_00720,51.41311488203006
test_00721,74.65653993793566
test_00722,24.01475524933712
test_00723,10.174459516829938
test_00724,17.658273405909295
test_00725,63.32802294026927
test_00726,41.167883234687736
test_00727,98.23539822092162
test_00728,16.648853432822357
test_00729,42.916721898487594
test_00730,94.17744221564199
test_00731,8.958245249526385
test_00732,7.44240136230772
test_00733,17.10609649746689
test_00734,121.59727778953113
test_00735,67.01647562606686
test_00736,52.38109914794386
test_00737,7.87852777147832
test_00738,48.047293381772604
test_00739,111.71652213832571
test_00740,89.69162188896814
test_00741,67.73116539151471
test_00742,48.728440565358056
test_00743,44.216556326061806
test_00744,145.8931373677172
test_00745,209.49578217371626
test_00746,28.192661923198525
test_00747,36.40487482306711
test_00748,108.22496472027485
test_00749,11.778927192476534
test_00750,14.427641540186748
test_00751,52.28698877675535
test_00752,21.574134567387397
test_00753,40.32643726297108
test_00754,166.0499235962155
test_00755,20.72315725142426
test_00756,29.225946909750327
test_00757,46.389512276948146
test_00758,8.645814252715718
test_00759,14.312296866681308
test_00760,46.66096661257586
test_00761,70.68261057760893
test_00762,89.68139830236682
test_00763,66.17052509416929
test_00764,35.23971048795217
test_00765,60.119840961152406
test_00766,16.62895796945461
test_00767,14.022925435336685
test_00768,13.225337942806737
test_00769,15.887098771052521
test_00770,79.17459540677878
test_00771,10.270281705022162
test_00772,75.80226042451991
test_00773,37.309840469759244
test_00774,25.35792793728553
test_00775,49.275203702248774
test_00776,101.86920891208463
test_00777,66.80607992620196
test_00778,83.37790168446048
test_00779,84.77539242012989
test_00780,51.57590258165423
test_00781,102.79480693017766
test_00782,48.98004036468133
test_00783,5.531341254188504
test_00784,12.884482968216311
test_00785,27.598731277912115
test_00786,26.34195531232811
test_00787,7.673408969301276
test_00788,18.136954559869768
test_00789,15.068945202238055
test_00790,19.51770189971589
test_00791,42.78632936499637
test_00792,141.93222539022136
test_00793,60.99209613446903
test_00794,52.25282358494489
test_00795,12.46403091414107
test_00796,5.808445844686167
test_00797,22.96519302018681
test_00798,42.01130968038213
test_00799,82.12123584139333
test_00800,75.2309732220272
test_00801,115.25342691733448
test_00802,8.299344848371218
test_00803,11.346343232587929
test_00804,20.44132634225956
test_00805,84.00765748188468
test_00806,58.111799643591006
test_00807,81.18137531263538
test_00808,59.398563658414844
test_00809,90.12192448033399
test_00810,73.29072441785226
test_00811,104.43158428578803
test_00812,64.09135698328733
test_00813,38.14685015356768
test_00814,8.851148987720787
test_00815,44.361840570994616
test_00816,14.278403387204659
test_00817,20.04673373447299
test_00818,66.1137339894931
test_00819,103.16374569547457
test_00820,40.70730029404927
test_00821,7.430964485391302
test_00822,14.437369731338263
test_00823,96.14117888708384
test_00824,150.96827154490947
test_00825,73.19129451690756
test_00826,9.357492057098863
test_00827,27.67653391548323
test_00828,13.472348541975526
test_00829,68.37546714298827
test_00830,143.79119241197304
test_00831,37.65386708189135
test_00832,36.495022972090354
test_00833,54.91425842064168
test_00834,28.924860023026177
test_00835,43.85575295896753
test_00836,62.015365528791506
test_00837,91.82877093690517
test_00838,16.45414711672057
test_00839,34.37323554227011
test_00840,43.298241926159164
test_00841,107.53183969348817
test_00842,108.08152869520409
test_00843,5.033019977659796
test_00844,20.393369810104335
test_00845,11.410866544396715
test_00846,12.290085721023276
test_00847,25.995270452756454
test_00848,50.70320565784116
test_00849,41.81489051651519
test_00850,15.318115868759719
test_00851,31.158354256918294
test_00852,49.19787478299962
test_00853,33.715537004597444
test_00854,63.59953269210186
test_00855,49.38700912468171
test_00856,4.814047966066281
test_00857,10.546308621718874
test_00858,5.529770379705963
test_00859,9.301754935674499
test_00860,16.68728339292374
test_00861,16.772628736949713
test_00862,5.969319754430714
test_00863,10.974034266398725
test_00864,10.906200825498543
test_00865,114.73440009139378
test_00866,26.622430086030285
test_00867,11.268470194665134
test_00868,48.127119894001225
test_00869,9.021044810811638
test_00870,12.180146293038877
test_00871,14.101846807175068
test_00872,18.05925022823788
test_00873,19.708655129100627
test_00874,118.89153129703746
test_00875,24.76339344370884
test_00876,37.93156086700016
test_00877,25.58566202106291
test_00878,23.20553751430297
test_00879,7.202662373319406
test_00880,8.731275128466809
test_00881,75.39984160834388
test_00882,16.40889987641829
test_00883,111.98336398672136
test_00884,17.428421830177207
test_00885,7.9450269153420034
test_00886,6.531645987061043
test_00887,25.914703760926145
test_00888,95.85473311128774
test_00889,164.51904140078068
test_00890,145.70847391274003
test_00891,90.97369955588738
test_00892,39.94549520282465
test_00893,68.98014417139925
test_00894,67.11733910157768
test_00895,32.95498657563766
test_00896,143.1231647256706
test_00897,147.70326847870504
test_00898,12.610635036675301
test_00899,76.18944607812249
test_00900,155.08463082570736
test_00901,116.9379141369293
test_00902,33.71685397323627
test_00903,6.6976107215418255
test_00904,15.853017018730291
test_00905,45.79262188711467
test_00906,23.23764905818414
test_00907,33.59983631301025
test_00908,5.662682302313833
test_00909,33.09462682157469
test_00910,9.011946533779657
test_00911,10.775694429363725
test_00912,60.61388193716877
test_00913,28.159650866096698
test_00914,180.53215698633218
test_00915,261.26264600886566
test_00916,185.0128089118629
test_00917,49.50618752672079
test_00918,5.924960636704996
test_00919,55.243879776677346
test_00920,219.4480927381362
test_00921,15.165831593887132
test_00922,23.63969689178122
test_00923,51.39398647182129
test_00924,31.396056565238126
test_00925,25.61589067549789
test_00926,78.21738703704165
test_00927,114.62097574984824
test_00928,177.58817608037756
test_00929,17.16591999525773
test_00930,57.46033551355541
test_00931,8.606869418754975
test_00932,8.144820524517105
test_00933,7.488753141126994
test_00934,76.11609645540437
test_00935,121.35673853804593
test_00936,221.56138720405124
test_00937,8.438418954885028
test_00938,72.25278545524422
test_00939,93.31598243503237
test_00940,9.353980166398555
test_00941,13.326972382464962
test_00942,66.75262656152749
test_00943,171.41286416065304
test_00944,139.9502072580303
test_00945,21.557779052404623
test_00946,58.25449308318016
test_00947,141.52024304360773
test_00948,11.518176995114562
test_00949,27.035914612231352
test_00950,70.13423073704851
test_00951,199.91830493648774
test_00952,92.74103181626519
test_00953,11.048057243198748
test_00954,8.639838395784755
test_00955,88.25007457444454
test_00956,139.53591535232695
test_00957,229.71329206210297
test_00958,211.52307726970378
test_00959,371.1784969340123
test_00960,403.4668395215267
test_00961,6.938617313901291
test_00962,43.00668268345444
test_00963,200.43325779020182
test_00964,202.9510141311124
test_00965,10.682821049697449
test_00966,79.53268797319564
test_00967,10.83460483920387
test_00968,65.57284196899337
test_00969,135.68946446664899
test_00970,196.64393263063607
test_00971,16.248234832672342
test_00972,133.21815390522084
test_00973,76.83661701020455
test_00974,221.84260322512537
test_00975,166.77982265259334
test_00976,231.88399260727925
test_00977,20.884699874076865
test_00978,10.91048034334378
test_00979,8.27684058108338
test_00980,13.519570942843652
test_00981,20.51879938462459
test_00982,12.941372813342648
test_00983,28.191595477121822
test_00984,111.71011617558783
test_00985,127.32473249030521
test_00986,124.194327999266
test_00987,46.38297160032284
test_00988,6.015840154410243
test_00989,59.014195945587105
test_00990,8.818548447402215
test_00991,35.88567911192914
test_00992,45.95951451485695
test_00993,139.7322575221786
test_00994,204.3387862157581
test_00995,8.321284623546658
test_00996,278.9609666165104
test_00997,8.33585248368758
test_00998,7.161219151939946
test_00999,65.29408793752397
test_01000,6.905627453798324
test_01001,76.82687407456142
test_01002,109.53965462106977
test_01003,240.29092351161597
test_01004,9.593591316040618
test_01005,10.221041347665876
test_01006,82.89367995683672
test_01007,8.696799110201159
test_01008,7.4080948571573995
test_01009,8.223518317267411
test_01010,64.93501762491732
test_01011,89.58300344020657
test_01012,48.54305976236341
test_01013,221.0070102556711
test_01014,248.41119953686854
test_01015,6.110846338165141
test_01016,56.452114595639316
test_01017,118.92889960503422
test_01018,6.325756531508616
test_01019,30.048952099636825
test_01020,92.12062181365096
test_01021,9.721883313671189
test_01022,15.835143615827064
test_01023,13.028246907159414
test_01024,25.677969412559218
test_01025,73.84447571149721
test_01026,7.496689262726292
test_01027,206.3331641210396
test_01028,124.40579537773792
test_01029,365.7158915936479
test_01030,61.774751018112596
test_01031,51.179948233660525
test_01032,107.33204411557318
test_01033,8.368547724283257
test_01034,7.030204575947819
test_01035,10.273222863671863
test_01036,22.82235289850939
test_01037,118.44532871213733
test_01038,10.77111979166086
test_01039,129.0973614059879
test_01040,288.3032497362623
test_01041,309.70741036591903
test_01042,60.083548349520896
test_01043,46.241702659271965
test_01044,53.96021673583334
test_01045,135.5662054997005
test_01046,55.177543647600274
test_01047,13.828634108713862
test_01048,45.00358541925209
test_01049,10.790988487235435
test_01050,51.230420019773014
test_01051,9.93811557695177
test_01052,11.077107221527001
test_01053,120.21540928845013
test_01054,66.2496564947553
test_01055,6.514396040679248
test_01056,8.450867248716694
test_01057,73.33594778530164
test_01058,110.57614716452325
test_01059,114.92295851782328
test_01060,29.180950442097824
test_01061,14.863056417827394
test_01062,61.19694213867241
test_01063,65.06379657584824
test_01064,44.21714829409527
test_01065,95.66484890664438
test_01066,70.93360259327218
test_01067,39.90450311672496
test_01068,102.45437906675821
test_01069,9.800763962130913
test_01070,15.32646509663978
test_01071,28.693751210480947
test_01072,81.04659313530136
test_01073,92.48462396203966
test_01074,63.498297769001674
test_01075,29.40440947209275
test_01076,78.27573082367215
test_01077,74.8637267898743
test_01078,95.95724922782316
test_01079,102.8121439961638
test_01080,63.01211553202168
test_01081,218.29551725584008
test_01082,32.03627312339804
test_01083,17.03748613781542
test_01084,61.33174686481598
test_01085,47.47421974030915
test_01086,36.293607569009765
test_01087,72.1090822303515
test_01088,25.105319456573863
test_01089,58.650038919999375
test_01090,169.68020676466995
test_01091,36.263576087435204
test_01092,40.584039041281386
test_01093,64.74120645319715
test_01094,51.5828873326235
test_01095,47.41115937170441
test_01096,53.197928574308605
test_01097,88.85038088851313
test_01098,133.0391371986631
test_01099,86.03500970737916
test_01100,70.55573074637552
test_01101,86.26171757178155
test_01102,56.189345490188714
test_01103,9.368996574342297
test_01104,23.471333460117698
test_01105,83.52113513645943
test_01106,51.56871579097513
test_01107,16.058107925181748
test_01108,102.32804478424325
test_01109,38.45612686847066
test_01110,45.78509201244151
test_01111,47.73648252466478
test_01112,72.99910260960831
test_01113,128.70481339461386
test_01114,88.17027626134852
test_01115,188.08322817513252
test_01116,48.11110328122473
test_01117,14.313904835618539
test_01118,60.21800590672119
test_01119,66.05943522610494
test_01120,58.72960761453079
test_01121,15.203543907923866
test_01122,34.81609703978629
test_01123,30.990539800405152
test_01124,39.304403165170775
test_01125,113.15036876502441
test_01126,87.91184280757682
test_01127,171.8905007796446
test_01128,58.60269736532791
test_01129,123.91926783549775
test_01130,6.734497292402581
test_01131,20.45067089531924
test_01132,31.717132287746573
test_01133,76.61903617038533
test_01134,105.29221415827809
test_01135,125.79135821606666
test_01136,70.69483504824348
test_01137,35.67857586425802
test_01138,44.74334554484667
test_01139,133.7756310256102
test_01140,45.2022305655607
test_01141,90.65263768505524
test_01142,89.55955623403119
test_01143,93.71063604994528
test_01144,94.43587746533734
test_01145,156.73605442801252
test_01146,131.52618136178805
test_01147,24.07508881284194
test_01148,26.03296333360813
test_01149,30.66295277469024
test_01150,34.71980118867052
test_01151,101.017597290634
test_01152,106.32993520256908
test_01153,102.87589003037523
test_01154,9.607662007711259
test_01155,32.0764242386883
test_01156,65.8150616711527
test_01157,29.849057178771027
test_01158,50.14552383047296
test_01159,119.03597532496424
test_01160,44.813800753490575
test_01161,70.5437090058718
test_01162,180.44484876992252
test_01163,88.46973169632456
test_01164,104.67131519487296
test_01165,72.59641429415188
test_01166,134.7245951581867
test_01167,24.329702515342746
test_01168,54.123630691448426
test_01169,45.8640870576888
test_01170,79.96247997210237
test_01171,91.04151572316152
test_01172,48.8603619022196
test_01173,35.3389522647039
test_01174,16.045168756574146
test_01175,12.552584449895894
test_01176,31.864671977891376
test_01177,92.8494402119548
test_01178,70.38024181330934
test_01179,33.37616932394494
test_01180,74.87957256906809
test_01181,70.15043892856374
test_01182,41.14648362957917
test_01183,90.41667271161637
test_01184,126.16326181701459
test_01185,11.413771004671565
test_01186,30.467613094265552
test_01187,13.494972886816518
test_01188,21.20794144285094
test_01189,31.316517638018773
test_01190,22.591689671520566
test_01191,7.249281324170565
test_01192,14.506526903574898
test_01193,16.993489736007287
test_01194,133.21289378666248
test_01195,34.47977294401485
test_01196,11.924342738677954
test_01197,47.11958987269532
test_01198,16.75926110430106
test_01199,11.965153680848157
test_01200,16.133520124847614
test_01201,36.03983381081528
test_01202,26.944249392615852
test_01203,67.58669731055339
test_01204,75.10795069707619
test_01205,161.178937584415
test_01206,30.437031464393677
test_01207,33.01249325916938
test_01208,15.550480136979786
test_01209,31.326235130329124
test_01210,48.79052509245082
test_01211,89.31180730075977
test_01212,111.03462141859686
test_01213,33.11612999858477
test_01214,192.49317679920912
test_01215,40.10000066801767
test_01216,11.054207719106918
test_01217,9.5437763300189
test_01218,43.63880488839142
test_01219,98.52081949683526
test_01220,232.25424642217058
test_01221,188.46414664733155
test_01222,115.39342620341125
test_01223,64.0565142622514
test_01224,54.197838278125346
test_01225,50.74318581970472
test_01226,21.074406876068778
test_01227,51.22968584580741
test_01228,173.145912189922
test_01229,50.3678052101538
test_01230,126.94394882460963
test_01231,308.21105426185136
test_01232,135.68212161634946
test_01233,108.7522368979629
test_01234,63.80878920920818
test_01235,213.26108524178474
test_01236,57.0189024262738
test_01237,48.560974832176285
test_01238,10.4248002814086
test_01239,17.477419501501753
test_01240,50.730864656794765
test_01241,129.68376849488985
test_01242,6.555062464461205
test_01243,5.835259853968266
test_01244,30.306715605372382
test_01245,11.261469959656093
test_01246,10.271791745046388
test_01247,76.04368436646847
test_01248,166.3568137077217
test_01249,298.9121032352042
test_01250,259.927172707561
test_01251,112.62136896613832
test_01252,117.6503369638281
test_01253,11.661802880298257
test_01254,99.12300842361691
test_01255,195.90952096548148
test_01256,110.45698301310617
test_01257,64.33410630084684
test_01258,54.26146134648904
test_01259,18.83321835937716
test_01260,17.44669099947942
test_01261,91.32463388377016
test_01262,67.54997187916261
test_01263,194.19988697154707
test_01264,25.270523466056616
test_01265,81.38501710991383
test_01266,9.73045533825746
test_01267,6.5567084094293
test_01268,27.816871539768446
test_01269,99.47858330066626
test_01270,214.23656542430444
test_01271,296.7378958593546
test_01272,18.78887700079688
test_01273,135.61510912646372
test_01274,159.07523881074013
test_01275,7.609156247817737
test_01276,127.85519171175406
test_01277,203.4218115144165
test_01278,561.2254437423451
test_01279,69.05460863458546
test_01280,44.552618428522734
test_01281,124.11037705946364
test_01282,226.09214193283543
test_01283,8.804196725049051
test_01284,16.786948129955547
test_01285,213.29565831524175
test_01286,235.03659265288553
test_01287,8.019017534697976
test_01288,12.504032354308677
test_01289,8.649050816723502
test_01290,103.0076647723711
test_01291,292.78732486900145
test_01292,213.43305518335148
test_01293,248.069458774721
test_01294,397.8697650380031
test_01295,488.4517884590156
test_01296,16.238517476492586
test_01297,99.88037513103068
test_01298,149.53865656437864
test_01299,182.98180151734027
test_01300,9.500439804904087
test_01301,143.82770181984236
test_01302,17.653544482908668
test_01303,414.8468973104494
test_01304,372.0991206493551
test_01305,378.1263790662583
test_01306,80.1407069004466
test_01307,348.4419739610846
test_01308,363.70877281157
test_01309,275.3025633996931
test_01310,174.6373825909148
test_01311,142.6013502378137
test_01312,21.80474689301609
test_01313,14.774020198449925
test_01314,7.6525779885511565
test_01315,55.10489005069298
test_01316,87.86850603255236
test_01317,10.346691345641183
test_01318,37.47856472132544
test_01319,94.36008507805906
test_01320,146.61264666951973
test_01321,184.5539718584351
test_01322,57.61295316554967
test_01323,8.413035441235246
test_01324,80.59995475105401
test_01325,16.098747494106604
test_01326,34.60079307610778
test_01327,109.06897541913284
test_01328,198.59820231524054
test_01329,307.7873955888008
test_01330,13.126688067831687
test_01331,506.60727338315803
test_01332,10.939865522583498
test_01333,12.646076387038683
test_01334,73.64420375947307
test_01335,7.479408533417547
test_01336,90.88727082459826
test_01337,312.2218977600142
test_01338,8.113717264779861
test_01339,8.029880490295037
test_01340,63.571918077729165
test_01341,15.654524538742578
test_01342,11.964478470321808
test_01343,14.107351663175436
test_01344,129.91107759481068
test_01345,168.33216554213683
test_01346,205.63825449062315
test_01347,270.1765107000498
test_01348,259.305159571139
test_01349,6.763205432441357
test_01350,94.73240519522228
test_01351,163.01149831465196
test_01352,7.526803047219143
test_01353,46.26434741734649
test_01354,99.15194864531729
test_01355,14.083582958940454
test_01356,18.139547186685768
test_01357,10.684066613794927
test_01358,23.446314553263445
test_01359,110.28477507469884
test_01360,8.051979630481927
test_01361,174.5918035907383
test_01362,139.52074743579357
test_01363,365.81137658489126
test_01364,75.20411944978085
test_01365,55.81759955771794
test_01366,87.45694162635446
test_01367,6.641275547963694
test_01368,7.326043665893069
test_01369,8.956412724772367
test_01370,18.256951505816367
test_01371,108.04090193980329
test_01372,10.238910615756932
test_01373,106.98430426635043
test_01374,275.1188911677874
test_01375,319.0909558013386
test_01376,67.80954012157574
test_01377,46.79983361869105
test_01378,50.57274465779887
test_01379,128.91134201737728
test_01380,61.241125920073756
test_01381,13.172386010266024
test_01382,35.25396791175572
test_01383,41.29001353327389
test_01384,12.614990750388216
test_01385,46.54149839987289
test_01386,9.828924778961621
test_01387,9.78650391045625
test_01388,127.52356559737038
test_01389,74.37373783988512
test_01390,6.5069766869479375
test_01391,11.414122966255817
test_01392,59.11597395323186
test_01393,113.83105971197409
test_01394,124.89609440412238
test_01395,30.238182515880293
test_01396,11.921352745979117
test_01397,60.65125643222298
test_01398,64.6073707232411
test_01399,84.56402465314802
test_01400,93.70645539095858
test_01401,43.599962238055106
test_01402,89.10748664863544
test_01403,13.872416058886234
test_01404,18.266980487117237
test_01405,35.05220200811835
test_01406,79.32742193194154
test_01407,83.65119414973626
test_01408,55.058161889447945
test_01409,22.50036006990772
test_01410,56.77906980404008
test_01411,62.12239053397235
test_01412,70.48170997030844
test_01413,88.45360752049828
test_01414,124.91158273731762
test_01415,58.37423917367692
test_01416,193.09431384255242
test_01417,205.13521839283132
test_01418,26.5123514091882
test_01419,27.676335761665626
test_01420,60.384643462144055
test_01421,17.618552572056107
test_01422,26.535107936707433
test_01423,60.775134743230765
test_01424,28.022831438055604
test_01425,49.49976753745569
test_01426,180.46709047199522
test_01427,25.6140954185992
test_01428,28.558462692070325
test_01429,66.84435224328581
test_01430,43.643660075593075
test_01431,40.528339291739016
test_01432,50.93894984430301
test_01433,88.33266049055106
test_01434,89.82694722145919
test_01435,90.2814921272348
test_01436,66.74066862697143
test_01437,86.07252779565411
test_01438,56.96364004080991
test_01439,16.04159285336513
test_01440,17.041621471713803
test_01441,59.56937036460694
test_01442,39.046507540313286
test_01443,7.439984379916368
test_01444,100.01121466117246
test_01445,44.090254658768465
test_01446,49.96483444819121
test_01447,53.421179866382985
test_01448,76.75543122789031
test_01449,78.66582524375406
test_01450,87.2497055962869
test_01451,132.9711268926848
test_01452,96.16290588587052
test_01453,201.10947344129832
test_01454,44.87696052664194
test_01455,11.174324575687388
test_01456,61.34299177641499
test_01457,40.88118412594221
test_01458,66.28569147405057
test_01459,18.172166187579588
test_01460,32.234609912251976
test_01461,32.47427497960388
test_01462,38.407012165293175
test_01463,116.6578268141269
test_01464,99.27502956670648
test_01465,173.6386579795104
test_01466,70.44232887976925
test_01467,87.5289912157304
test_01468,7.016272180574513
test_01469,17.962477886478624
test_01470,32.41760305029983
test_01471,75.90701816403039
test_01472,107.50254788876059
test_01473,127.73053125328525
test_01474,74.81157191480655
test_01475,30.42011423451072
test_01476,32.97123670496513
test_01477,120.9364069929777
test_01478,44.83104228116232
test_01479,87.86066775987979
test_01480,112.73087918614625
test_01481,67.55753791463962
test_01482,69.99946382671597
test_01483,129.89298727115187
test_01484,104.32594902064986
test_01485,86.7227177187238
test_01486,20.455898614204923
test_01487,45.80379836688429
test_01488,44.03757084769004
test_01489,37.047917521239825
test_01490,112.62045772280965
test_01491,135.66295295792634
test_01492,82.83363097477083
test_01493,13.90494447249373
test_01494,55.07877609617334
test_01495,125.85733885265607
test_01496,34.13020585645212
test_01497,42.758690289195755
test_01498,15.632162757276543
test_01499,120.659961432187
test_01500,136.74216461873516
test_01501,55.22594366678838
test_01502,73.98263591796986
test_01503,150.826326546689
test_01504,72.08218495202227
test_01505,94.91444793063894
test_01506,71.45250954654277
test_01507,107.62471280466991
test_01508,24.137278321656964
test_01509,48.34431218351593
test_01510,51.39767686240253
test_01511,77.90755241072243
test_01512,95.45399919189765
test_01513,65.55601718899132
test_01514,31.054053040034646
test_01515,16.26413706890225
test_01516,10.644816180948242
test_01517,26.08331982671915
test_01518,89.20955639342438
test_01519,65.9443433689851
test_01520,30.754765931150114
test_01521,65.19812619962966
test_01522,70.6662208462805
test_01523,36.21009168428168
test_01524,116.86104686287123
test_01525,131.21782032140533
test_01526,8.73247952619578
test_01527,30.015100040263384
test_01528,10.145050610999947
test_01529,21.78406845787322
test_01530,27.22071398635316
test_01531,22.687680001598455
test_01532,10.39312792944096
test_01533,20.38115299723174
test_01534,23.03428630327301
test_01535,146.17968513178096
test_01536,28.850780257558704
test_01537,23.391851756345744
test_01538,54.9534388606121
test_01539,16.679593348567735
test_01540,10.788741083577623
test_01541,12.52900329904897
test_01542,41.05248827404384
test_01543,39.53071192153512
test_01544,76.1587613532551
test_01545,54.0207408709864
test_01546,149.61999217506303
test_01547,34.92266267396711
test_01548,29.706478373401936
test_01549,10.883817690221191
test_01550,26.28782942197906
test_01551,48.34546915075258
test_01552,101.5491295131931
test_01553,72.73409130756171
test_01554,34.358184053983486
test_01555,183.21253275993217
test_01556,25.867353458175977
test_01557,10.270703361662932
test_01558,13.400492514272868
test_01559,40.52247515887186
test_01560,101.85970882741286
test_01561,199.4360866020262
test_01562,170.6690471280342
test_01563,100.610442836972
test_01564,36.029330173746885
test_01565,65.00795403670786
test_01566,50.97321817741232
test_01567,51.72461845363924
test_01568,15.85030242440242
test_01569,45.21897275871214
test_01570,166.40775682418231
test_01571,55.37065902585082
test_01572,116.64955156077053
test_01573,250.607122285879
test_01574,266.20453560873557
test_01575,131.78152274567648
test_01576,120.47648218996406
test_01577,79.92413550055247
test_01578,239.0774584968786
test_01579,62.75927189651432
test_01580,44.08745458613241
test_01581,10.41398727267942
test_01582,20.06799600306958
test_01583,81.50110365185127
test_01584,113.1680097769567
test_01585,11.2886449611416
test_01586,53.5326102463204
test_01587,6.023145654811217
test_01588,29.26671134774318
test_01589,10.573897708212291
test_01590,8.776764798429628
test_01591,74.18727796450759
test_01592,145.60034216564645
test_01593,255.73417459731667
test_01594,229.2153605030394
test_01595,115.49338623320686
test_01596,125.44464828628037
test_01597,12.55130967156946
test_01598,98.52580800675933
test_01599,214.2153468627684
test_01600,135.85741524101172
test_01601,78.2364856441417
test_01602,63.93910094408214
test_01603,28.576143904918744
test_01604,14.402694333675388
test_01605,78.99929840951947
test_01606,66.10393928506271
test_01607,193.76029312791067
test_01608,38.15057349705563
test_01609,75.29092556586929
test_01610,8.840742830256909
test_01611,5.8913263289634505
test_01612,17.197873567039508
test_01613,103.24282670279231
test_01614,213.6573934696376
test_01615,310.33179348589516
test_01616,20.522633939971463
test_01617,99.08007951281866
test_01618,140.90742881157396
test_01619,6.3620762956402235
test_01620,139.0164104571183
test_01621,166.69923924916296
test_01622,478.71023426336774
test_01623,94.62271633682055
test_01624,35.340377919150825
test_01625,129.75582704740197
test_01626,193.0931046372067
test_01627,9.045942775380672
test_01628,21.465167799780694
test_01629,150.88814100671888
test_01630,230.44338023287105
test_01631,7.7294565863263625
test_01632,14.615506152947667
test_01633,10.844703926026652
test_01634,92.50926672891624
test_01635,271.591830781035
test_01636,227.79913479395333
test_01637,205.30930428167846
test_01638,406.68483971141353
test_01639,485.1090225968274
test_01640,16.71776889991242
test_01641,89.11959667219722
test_01642,171.6186554312156
test_01643,175.52747174719593
test_01644,14.856218707739114
test_01645,144.9135715998378
test_01646,14.754430408876294
test_01647,329.0900165337758
test_01648,254.40865433758114
test_01649,416.9360854694495
test_01650,163.56659560949353
test_01651,272.128709344907
test_01652,264.7362243871285
test_01653,169.3633345281154
test_01654,175.14173728692822
test_01655,27.47199136661816
test_01656,10.712739879350334
test_01657,7.6691507137341715
test_01658,66.3020428395222
test_01659,94.7122056722397
test_01660,11.965301482840976
test_01661,35.90435117833172
test_01662,92.02552584828669
test_01663,127.39391524958643
test_01664,178.46296227172746
test_01665,49.74245894143023
test_01666,7.251771684966685
test_01667,68.95029007579186
test_01668,9.568481549697179
test_01669,21.137789360857383
test_01670,83.75201859991786
test_01671,167.9441485679187
test_01672,267.4842134095463
test_01673,10.977687749681529
test_01674,533.8121292736423
test_01675,10.78330249625976
test_01676,10.1546766028972
test_01677,67.00736583305023
test_01678,7.662712437640594
test_01679,61.35975737753205
test_01680,93.10622570299132
test_01681,7.88501318959141
test_01682,7.306236309471897
test_01683,59.007925522081514
test_01684,11.26350048790816
test_01685,8.326812775031726
test_01686,10.42285142280621
test_01687,119.48002694142997
test_01688,153.0955604231103
test_01689,160.61255777402846
test_01690,248.01565688909085
test_01691,270.05866154842255
test_01692,6.036224484508738
test_01693,87.51564841406525
test_01694,147.36319211926082
test_01695,6.164620245609177
test_01696,43.826766533186884
test_01697,90.37189240635472
test_01698,18.275659047025137
test_01699,32.58735074733563
test_01700,9.514695848060253
test_01701,24.11700250951939
test_01702,69.92587208592681
test_01703,8.782764868594072
test_01704,161.1257156939828
test_01705,191.12408196642497
test_01706,339.7659998012411
test_01707,78.0534940180366
test_01708,59.218415752552716
test_01709,64.84728509930073
test_01710,7.4159119243061244
test_01711,8.71297293554661
test_01712,7.967372079846484
test_01713,17.73447385221839
test_01714,96.4439700344771
test_01715,8.103898301862333
test_01716,116.67238390765843
test_01717,264.112325709659
test_01718,347.49007396398923
test_01719,84.62447426326227
test_01720,55.00880867247876
test_01721,53.21252935959254
test_01722,123.6516275453385
test_01723,65.09940417501335
test_01724,7.779299060023331
test_01725,37.09083415919228
test_01726,55.135819518356016
test_01727,12.01953453083106
test_01728,62.57280775680447
test_01729,9.363904967686517
test_01730,11.24489849435393
test_01731,92.01644541071114
test_01732,77.15596116521331
test_01733,8.269823940335636
test_01734,11.281983807644268
test_01735,69.43345636766529
test_01736,122.40537613524054
test_01737,74.73628106567723
test_01738,21.57631235132024
test_01739,18.53192940837506
test_01740,60.02174117180742
test_01741,62.30704323185415
test_01742,47.10041050973937
test_01743,124.69009059412227
test_01744,89.27755072666235
test_01745,75.08917215937619
test_01746,93.63219940132043
test_01747,19.1973796069515
test_01748,33.587637878360866
test_01749,37.37989228709127
test_01750,80.94427455879146
test_01751,86.0276211907705
test_01752,25.39386827175365
test_01753,12.456479478545411
test_01754,55.58234895450726
test_01755,60.09994492617513
test_01756,73.72474609704335
test_01757,80.27100094799643
test_01758,69.80774027724522
test_01759,44.8693765795956
test_01760,223.29432649950328
test_01761,206.15531289799588
test_01762,15.284881923065413
test_01763,14.287257119380767
test_01764,26.564827295092797
test_01765,48.404522089912795
test_01766,11.846820894038668
test_01767,22.127551543463326
test_01768,61.20519988074379
test_01769,29.53959008720347
test_01770,53.670688997382385
test_01771,198.41660414113392
test_01772,28.031882904006178
test_01773,39.16710062139763
test_01774,63.82905203637385
test_01775,64.05991931036817
test_01776,41.58911243260856
test_01777,56.85235054185439
test_01778,93.29504589723197
test_01779,100.51034309103076
test_01780,91.60081712468343
test_01781,44.72016700842489
test_01782,84.29805376709731
test_01783,31.164893804919117
test_01784,9.757158571090798
test_01785,13.958544255165524
test_01786,58.04464046220857
test_01787,20.38630730304912
test_01788,89.38932975129396
test_01789,41.379098753842065
test_01790,42.30033691232772
test_01791,66.14046371580987
test_01792,61.88658045918697
test_01793,74.55396389836227
test_01794,119.31945527854069
test_01795,93.03989414350976
test_01796,256.03577625298175
test_01797,44.36905100253822
test_01798,11.770254431562204
test_01799,43.053373985162835
test_01800,29.737263597193703
test_01801,57.11002671520343
test_01802,8.291837619901317
test_01803,31.965090640716262
test_01804,26.89082590748056
test_01805,36.31073738643461
test_01806,89.99103106916667
test_01807,110.91898820842903
test_01808,121.97263706910604
test_01809,86.67235390720555
test_01810,23.971927595088438
test_01811,8.009955283610811
test_01812,16.88012291330203
test_01813,40.5077221633976
test_01814,95.76873272120643
test_01815,100.28983955711557
test_01816,120.64991715083892
test_01817,53.20183355760994
test_01818,29.37661190593508
test_01819,41.776012296085696
test_01820,116.40836214547883
test_01821,54.771389642967534
test_01822,104.78077231190052
test_01823,91.48235424956815
test_01824,63.726060695024366
test_01825,106.070567167901
test_01826,112.30035520350869
test_01827,88.33885524647452
test_01828,71.67945529026761
test_01829,18.659165062950567
test_01830,46.981233161001256
test_01831,26.700806341719034
test_01832,29.506561238372676
test_01833,80.20223866346454
test_01834,117.84387636385327
test_01835,66.36144333761013
test_01836,9.372873184926899
test_01837,26.552776762316142
test_01838,52.66000193125237
test_01839,143.424889231562
test_01840,141.7258360260153
test_01841,37.640599356368256
test_01842,39.35482021759261
test_01843,18.337626629805126
test_01844,90.46034491461515
test_01845,125.84468059757616
test_01846,49.940278254600585
test_01847,79.89451135477313
test_01848,68.73232621207407
test_01849,24.5613348155398
test_01850,37.64634380499949
test_01851,77.152181156268
test_01852,96.15643485750714
test_01853,22.14489575781301
test_01854,39.91296736899879
test_01855,48.63275935025922
test_01856,71.35186180974898
test_01857,113.64404843912648
test_01858,75.62997363969981
test_01859,39.32710247151386
test_01860,17.243048256420508
test_01861,11.049514907660056
test_01862,27.99574106518574
test_01863,79.0426381773272
test_01864,68.49667233457839
test_01865,25.297258700793932
test_01866,63.449080516162525
test_01867,75.8341993332165
test_01868,49.10250783863656
test_01869,109.7383387756929
test_01870,96.59083635419819
test_01871,6.474077502238218
test_01872,8.961450531990213
test_01873,11.423322679018042
test_01874,13.52656165779095
test_01875,28.991422913414624
test_01876,15.988138658490392
test_01877,6.035950217844398
test_01878,26.499099796453653
test_01879,15.927684672418042
test_01880,154.1164077414281
test_01881,16.805386843545296
test_01882,56.35105836689154
test_01883,10.704358012902649
test_01884,9.06077610949473
test_01885,12.63508720060546
test_01886,29.080659151308137
test_01887,42.04835666524236
test_01888,96.03925407179622
test_01889,55.14721648181956
test_01890,173.6836808969438
test_01891,77.06416897190975
test_01892,28.675686669974297
test_01893,14.691589486772719
test_01894,23.293395780132656
test_01895,91.22280982106089
test_01896,94.90358226254853
test_01897,97.87612096057069
test_01898,217.74398120997085
test_01899,30.792537438476145
test_01900,12.800812037256886
test_01901,11.436163880043344
test_01902,198.63441031415604
test_01903,198.80425457959714
test_01904,107.46596407699812
test_01905,36.43091223988039
test_01906,63.41843010245833
test_01907,62.911707406901314
test_01908,45.90403535298207
test_01909,33.41852511327346
test_01910,79.2217846288955
test_01911,165.6980163758632
test_01912,77.06209418053677
test_01913,127.70825229727112
test_01914,206.81259181268354
test_01915,273.998742039073
test_01916,150.9965288725167
test_01917,102.15371269034176
test_01918,77.118011053506
test_01919,201.36599874723652
test_01920,103.2728338699025
test_01921,55.3391782540532
test_01922,19.79958382633328
test_01923,19.92947621027608
test_01924,33.52060782508089
test_01925,95.99616508719302
test_01926,11.663145647076519
test_01927,37.82335024054729
test_01928,6.943397627731491
test_01929,30.574399651204814
test_01930,12.452503756743372
test_01931,8.85712230377667
test_01932,78.6212008653746
test_01933,148.53368389896892
test_01934,303.13307487475225
test_01935,235.52176338526635
test_01936,97.92001992592311
test_01937,117.75324545229407
test_01938,8.703857765845186
test_01939,98.47491248212776
test_01940,215.04161612215074
test_01941,54.35238553725979
test_01942,80.10615913539573
test_01943,54.00942701051467
test_01944,18.453870579232404
test_01945,20.329185660657302
test_01946,77.42456424833321
test_01947,77.98735966890605
test_01948,169.8466912147063
test_01949,22.934328481934454
test_01950,65.7646478035002
test_01951,8.938043575663821
test_01952,6.067704937861377
test_01953,11.268166684461242
test_01954,90.67828159519988
test_01955,190.32578786169273
test_01956,442.09592703558593
test_01957,17.582706474585354
test_01958,127.85961803378396
test_01959,145.19390338874513
test_01960,14.013373685549126
test_01961,70.5043943961887
test_01962,98.94227690535148
test_01963,358.3419493122766
test_01964,157.25402345340788
test_01965,39.463747778666104
test_01966,76.85400077690679
test_01967,193.79745156624463
test_01968,7.626155479703643
test_01969,23.36251317217448
test_01970,116.87727688715455
test_01971,241.42271812840397
test_01972,10.909454558127749
test_01973,6.858517039722203
test_01974,93.10750728271188
test_01975,178.31255903264852
test_01976,273.54804729099305
test_01977,198.45217068463253
test_01978,495.27183513747786
test_01979,429.86176976597176
test_01980,9.929541309613128
test_01981,100.02733755759132
test_01982,164.96421802350454
test_01983,167.55630368550794
test_01984,14.226637638482345
test_01985,170.60789962545724
test_01986,10.855275559763403
test_01987,72.1269159515953
test_01988,191.95659928735964
test_01989,407.1395109634268
test_01990,12.940640193235009
test_01991,198.21330677135285
test_01992,372.263487077107
test_01993,251.05796061104013
test_01994,167.73132489642072
test_01995,249.06723832040447
test_01996,22.20082411985284
test_01997,17.10604624000819
test_01998,8.454055292014504
test_01999,67.9298992934815
test_02000,106.31044695998565
test_02001,8.947130801304082
test_02002,27.80024078765611
test_02003,99.9405723029363
test_02004,131.69894473389678
test_02005,177.95424585083703
test_02006,69.93458222134717
test_02007,6.574834132021273
test_02008,73.70254596150481
test_02009,15.739436806282853
test_02010,21.900023555671048
test_02011,45.375824268167534
test_02012,127.94243412285874
test_02013,233.96515525896484
test_02014,7.904803220690404
test_02015,467.31084476880926
test_02016,9.372606423206559
test_02017,13.64888790790432
test_02018,90.16242855572975
test_02019,10.714955778339299
test_02020,69.25817201808601
test_02021,111.72961898348169
test_02022,294.1968406460994
test_02023,6.529015816843611
test_02024,13.372237439530801
test_02025,69.41362644825034
test_02026,11.446280347743214
test_02027,9.295877224185581
test_02028,10.266282483079713
test_02029,163.15560709428425
test_02030,160.7377590481387
test_02031,122.42912145719819
test_02032,223.6774076434159
test_02033,277.9925623952498
test_02034,8.25205057999112
test_02035,74.84324760674673
test_02036,146.77165067665715
test_02037,8.810255792369508
test_02038,53.285332704523825
test_02039,103.93249433714975
test_02040,18.622298607214848
test_02041,26.98585711713226
test_02042,9.807931815646167
test_02043,31.773106134781322
test_02044,78.86100840837392
test_02045,6.313239248619682
test_02046,130.24754850497413
test_02047,132.99013711502062
test_02048,320.8138558396831
test_02049,54.29131853508761
test_02050,30.535823751780903
test_02051,96.99512667050098
test_02052,9.134280117751354
test_02053,8.888977531729498
test_02054,8.122291790306878
test_02055,20.77521329087582
test_02056,84.42371756135995
test_02057,6.873296887667155
test_02058,76.87497058203873
test_02059,212.85330652869578
test_02060,265.13395464067196
test_02061,35.34363588603047
test_02062,54.701016701052794
test_02063,33.656378190315685
test_02064,123.01145887327849
test_02065,61.78415842616066
test_02066,7.38814716937776
test_02067,24.716714908012992
test_02068,17.867989633332627
test_02069,7.5343273318737385
test_02070,24.448743628046415
test_02071,8.296973423779965
test_02072,6.307207784336841
test_02073,54.778686894710425
test_02074,75.86441040507611
test_02075,8.063510876875803
test_02076,13.638024878128794
test_02077,90.50322787681037
test_02078,93.5072926241781
test_02079,7.1427292110447596
test_02080,9.382756969138196
test_02081,50.174305066235604
test_02082,51.65489738951055
test_02083,38.85063629533091
test_02084,71.01034251649281
test_02085,42.575622404865896
test_02086,44.78529497946176
test_02087,82.85712186690955
test_02088,13.25319911638195
test_02089,11.810614452171482
test_02090,22.214853864119718
test_02091,50.96127051782628
test_02092,69.65785904787803
test_02093,40.55510393468547
test_02094,14.84025991573343
test_02095,30.980288816601714
test_02096,57.74741146924596
test_02097,65.02620390742764
test_02098,60.106826670450175
test_02099,65.6961383864483
test_02100,35.77120050222418
test_02101,132.97360691073104
test_02102,172.1712472892719
test_02103,34.61441403413785
test_02104,10.77309959036653
test_02105,70.4248061809359
test_02106,49.106060963187936
test_02107,29.591428660709454
test_02108,31.071544659120214
test_02109,48.74524515546733
test_02110,22.746704159321293
test_02111,79.92589658096139
test_02112,117.20250485082383
test_02113,16.034205171322863
test_02114,29.389061445035658
test_02115,66.69858922877913
test_02116,11.695710271753507
test_02117,21.607258605658693
test_02118,63.043664515025995
test_02119,103.7428939749454
test_02120,69.03031898172836
test_02121,52.999948240047104
test_02122,35.546540406089704
test_02123,57.018916991672725
test_02124,15.123616760676693
test_02125,9.184977843116929
test_02126,18.873540724004954
test_02127,70.6424990530518
test_02128,59.12658309884739
test_02129,15.823933289679381
test_02130,63.819963740102835
test_02131,33.38111471159245
test_02132,36.90831042659371
test_02133,51.52078773353106
test_02134,54.90243857501156
test_02135,81.370689919796
test_02136,61.0241960869389
test_02137,56.89228623100071
test_02138,70.83407639014261
test_02139,80.60040398443266
test_02140,42.38419950151211
test_02141,6.32564288664039
test_02142,59.702781875176214
test_02143,20.79506654604458
test_02144,38.318084164229376
test_02145,10.553411240370183
test_02146,14.753624331964646
test_02147,20.353558397594956
test_02148,20.66491626305168
test_02149,55.118667300798734
test_02150,76.47969971807971
test_02151,116.32677375021541
test_02152,39.92417561454642
test_02153,32.34693193344759
test_02154,7.007597894665762
test_02155,17.263624721041037
test_02156,72.4893750314486
test_02157,65.71204068281787
test_02158,46.11800536002272
test_02159,103.9373722655273
test_02160,33.12545794090112
test_02161,10.697186114094588
test_02162,42.831490163903105
test_02163,67.30464171540628
test_02164,36.33874763083631
test_02165,93.83375631159994
test_02166,109.33530620899533
test_02167,63.17233559786711
test_02168,44.982381642907
test_02169,125.80219059499716
test_02170,108.73888149210117
test_02171,89.16080936906914
test_02172,10.03364918487516
test_02173,41.26683518834044
test_02174,31.49865362008574
test_02175,21.281815599191255
test_02176,43.7030980317124
test_02177,86.39272109930964
test_02178,69.42402048117549
test_02179,7.1984261649897086
test_02180,12.421310065956842
test_02181,73.15343893913393
test_02182,118.09552175031499
test_02183,107.30489531226209
test_02184,35.68738390600446
test_02185,24.539087784760248
test_02186,22.84381607348872
test_02187,183.97807629829109
test_02188,46.38599091405494
test_02189,38.1579544661179
test_02190,45.869167701050394
test_02191,36.06013577225869
test_02192,59.89334516389853
test_02193,68.07403394072355
test_02194,103.44042945086484
test_02195,16.80621418304647
test_02196,20.76695700173171
test_02197,29.79251853202216
test_02198,126.6919055015853
test_02199,118.57641641712665
test_02200,8.615837795511474
test_02201,15.323186909731508
test_02202,11.728549105649968
test_02203,11.870562559248
test_02204,24.3364738964423
test_02205,58.091148090769366
test_02206,49.82741009036919
test_02207,19.12154430084361
test_02208,44.65041642932111
test_02209,63.13948301120719
test_02210,46.11873949107686
test_02211,63.63499302018228
test_02212,91.41368123058601
test_02213,6.747053218414985
test_02214,13.75295209330616
test_02215,11.466828352649186
test_02216,10.617432866561874
test_02217,18.048536395351398
test_02218,20.60140502580433
test_02219,6.213587842747963
test_02220,13.921794439234287
test_02221,14.552779215080518
test_02222,111.13013509470903
test_02223,31.553487578710893
test_02224,12.198258373321561
test_02225,37.55221088494666
test_02226,12.905174189310191
test_02227,8.207663687300172
test_02228,9.066508684018197
test_02229,19.031976209915495
test_02230,33.51539333564003
test_02231,103.25523994564868
test_02232,88.2755328970547
test_02233,51.515121612930955
test_02234,23.85118229756192
test_02235,19.00528099482373
test_02236,11.147001916054027
test_02237,18.201305073456766
test_02238,74.87689061372666
test_02239,134.77987396616516
test_02240,20.32091338783327
test_02241,135.89949798784335
test_02242,20.370257906596507
test_02243,9.031564622549634
test_02244,6.365478205898009
test_02245,25.071674148674024
test_02246,197.40115865276573
test_02247,146.3520439189158
test_02248,63.815208141930185
test_02249,38.881311527711226
test_02250,75.6035347802425
test_02251,79.88387991976968
test_02252,39.869100689677275
test_02253,13.570175158713344
test_02254,63.75461541395804
test_02255,122.09805047945973
test_02256,74.19865000831946
test_02257,109.8599615026508
test_02258,149.65565476782402
test_02259,255.39081376706196
test_02260,101.79478788529352
test_02261,65.37866029221857
test_02262,55.48166883258659
test_02263,177.31527765162517
test_02264,122.45267030804857
test_02265,35.60946497743163
test_02266,9.45299478099126
test_02267,17.84358057771869
test_02268,25.832591545178843
test_02269,5.934296234401889
test_02270,34.300643098930536
test_02271,5.390394474346293
test_02272,34.518307283842425
test_02273,8.472761726662615
test_02274,7.147464697930328
test_02275,66.42118985044011
test_02276,135.07678885282368
test_02277,286.620211533423
test_02278,210.3139565645112
test_02279,173.37068979621634
test_02280,66.8972977241802
test_02281,13.382728087240979
test_02282,46.77134910211537
test_02283,169.52822348827945
test_02284,75.65986313152099
test_02285,63.164852677551316
test_02286,56.60711498604317
test_02287,56.21600772756578
test_02288,14.130599362150836
test_02289,70.2868920789757
test_02290,127.6394211725507
test_02291,174.85439335614652
test_02292,29.821952006161943
test_02293,48.49178382965923
test_02294,8.564258175989554
test_02295,8.183073621377323
test_02296,9.839504769839664
test_02297,79.9011283922477
test_02298,99.18543858827883
test_02299,217.2901201474494
test_02300,36.33648725440959
test_02301,54.23506343375227
test_02302,85.5443543076323
test_02303,8.558184225286245
test_02304,35.73278437500162
test_02305,64.53168082918874
test_02306,286.73602977910616
test_02307,109.40671011163474
test_02308,14.400556018561621
test_02309,46.001873008372904
test_02310,135.87824715303464
test_02311,11.398963856043629
test_02312,15.821020049227634
test_02313,48.1591733640531
test_02314,201.05871728892907
test_02315,8.35175278307024
test_02316,14.03638994177853
test_02317,8.950584069735577
test_02318,28.633711042753838
test_02319,69.09256433615876
test_02320,110.07963969922312
test_02321,77.53144687503898
test_02322,379.51636785240913
test_02323,388.19842235526
test_02324,11.6175022471155
test_02325,41.976133145340924
test_02326,138.65184003957464
test_02327,156.62146094699406
test_02328,18.623252142896774
test_02329,52.93361947351023
test_02330,21.753858115174644
test_02331,51.23716688881146
test_02332,132.74451240896423
test_02333,310.68920540035543
test_02334,287.4412418632082
test_02335,141.8021285102555
test_02336,98.763244897377
test_02337,256.44673826347656
test_02338,136.85563655860506
test_02339,149.36773208137393
test_02340,29.566401317063978
test_02341,11.395324035578186
test_02342,6.29991732944577
test_02343,49.61430286148664
test_02344,21.009619946827122
test_02345,15.4664685343853
test_02346,13.47821338739968
test_02347,89.52700323765723
test_02348,134.5080025113537
test_02349,158.9617015154721
test_02350,39.38562945143212
test_02351,7.279184231909721
test_02352,41.91937358125965
test_02353,11.666888048539558
test_02354,14.365312622873848
test_02355,29.85487171560083
test_02356,88.44108434311174
test_02357,193.03801052148754
test_02358,8.99016537610866
test_02359,222.39236198404367
test_02360,9.298393243504549
test_02361,11.762868760912234
test_02362,73.96588093044596
test_02363,8.469379788231802
test_02364,38.6377351449965
test_02365,59.6660057866333
test_02366,242.74892152763854
test_02367,8.795645526711624
test_02368,8.643302604515446
test_02369,85.67610504526515
test_02370,6.717111173020658
test_02371,7.578231504696128
test_02372,8.065716826739521
test_02373,141.67693653013117
test_02374,96.19426824891772
test_02375,132.8024545033585
test_02376,217.56709016295866
test_02377,227.81842977308037
test_02378,6.407011934137192
test_02379,34.13303988039031
test_02380,108.6486479647186
test_02381,7.059076985259976
test_02382,24.029260140252923
test_02383,94.63184073342715
test_02384,15.011238846991066
test_02385,23.589284889269628
test_02386,30.938797819075987
test_02387,20.016746495460495
test_02388,54.40677850754162
test_02389,11.910513404600806
test_02390,205.45896308680426
test_02391,127.57289986807507
test_02392,386.003678557384
test_02393,76.39701198806735
test_02394,52.55810266924497
test_02395,126.88767578329563
test_02396,9.66940812592864
test_02397,6.982039844217217
test_02398,10.222237355747469
test_02399,19.744689520398786
test_02400,102.57984717359474
test_02401,8.48830152292331
test_02402,127.96553446060668
test_02403,267.26795066778357
test_02404,279.0112382058152
test_02405,56.41574953900319
test_02406,45.586542817580984
test_02407,49.93037338951066
test_02408,129.35508510443267
test_02409,51.37369270709779
test_02410,11.577336626299504
test_02411,32.73281545603654
test_02412,32.84563797530387
test_02413,9.365780915503052
test_02414,47.02704980163671
test_02415,8.711348112143366
test_02416,9.838993430103388
test_02417,112.48356874338147
test_02418,87.49970011122019
test_02419,6.2996197941820835
test_02420,16.218745692607925
test_02421,65.27798938890078
test_02422,92.44519153315822
test_02423,102.86025002852273
test_02424,24.059674343885277
test_02425,8.822434652856948
test_02426,59.12555638576606
test_02427,61.942211701374674
test_02428,39.42527155735106
test_02429,85.92868197586165
test_02430,64.67646033308776
test_02431,43.0730403941082
test_02432,84.66648366092909
test_02433,8.90308611623279
test_02434,12.056948619714136
test_02435,26.22108542963113
test_02436,69.01687720825254
test_02437,81.95436958142203
test_02438,62.71170568963656
test_02439,30.677092764467552
test_02440,73.53641217662826
test_02441,61.694131545209245
test_02442,78.26845533730895
test_02443,88.85451222002527
test_02444,99.27478117344059
test_02445,61.4340610455699
test_02446,146.61529639756824
test_02447,193.92451872812228
test_02448,34.16532959833246
test_02449,9.458272323411165
test_02450,28.316106570520525
test_02451,43.40437554170169
test_02452,16.817407766587742
test_02453,34.549602849545096
test_02454,128.59366923211022
test_02455,22.70764258677612
test_02456,42.89184603592965
test_02457,139.19993028009776
test_02458,17.843910115412662
test_02459,33.35705898311046
test_02460,55.55094421605494
test_02461,36.06087830553068
test_02462,42.657770233243475
test_02463,47.36856186748543
test_02464,80.10993695803106
test_02465,126.13470089693169
test_02466,92.29404045407945
test_02467,76.86221547580448
test_02468,81.73529336615965
test_02469,45.51863615030251
test_02470,11.05409942651172
test_02471,19.87272144121048
test_02472,89.20209423371375
test_02473,38.33539337358424
test_02474,7.152691386847643
test_02475,104.24410860483918
test_02476,39.87417773022885
test_02477,38.717445864425954
test_02478,47.38562266949558
test_02479,85.78788551099476
test_02480,75.14689161559983
test_02481,62.21612533718661
test_02482,127.50875731021996
test_02483,90.88186036227836
test_02484,178.46571537711912
test_02485,45.16772552761177
test_02486,8.48183104424482
test_02487,61.78719867745441
test_02488,67.72154103150126
test_02489,61.39333946336938
test_02490,13.948605363944557
test_02491,30.216390821482918
test_02492,33.59184106502106
test_02493,48.46797281383129
test_02494,120.94883085637824
test_02495,84.11053940621288
test_02496,178.94409736419954
test_02497,64.87738698696361
test_02498,131.830547804487
test_02499,10.008082543841047
test_02500,20.063822190024023
test_02501,36.21290194148193
test_02502,78.86293053203819
test_02503,98.18613256870037
test_02504,116.3426346302281
test_02505,47.7067819369728
test_02506,35.95332108942954
test_02507,45.34714257186392
test_02508,131.98846384091786
test_02509,56.45517271471837
test_02510,89.1638366480099
test_02511,79.39731498781175
test_02512,64.06190465999
test_02513,73.66486583227105
test_02514,116.37166132294358
test_02515,84.90827341348978
test_02516,67.50374352649472
test_02517,21.108896302789205
test_02518,58.82833351430848
test_02519,37.23969444085148
test_02520,33.21114038131462
test_02521,90.75896302892082
test_02522,101.16251804585428
test_02523,96.73928591741503
test_02524,10.502419247454734
test_02525,38.99983347545428
test_02526,65.34988748312679
test_02527,139.4147556503587
test_02528,128.9537063550177
test_02529,22.8914987337154
test_02530,42.72561087063679
test_02531,15.797522034849187
test_02532,127.71318993064882
test_02533,119.60007760532929
test_02534,29.82382597573924
test_02535,59.74236691800268
test_02536,169.18241646364055
test_02537,87.10777609149716
test_02538,103.40307971646712
test_02539,66.66061429186693
test_02540,132.21479492993103
test_02541,22.006146692951923
test_02542,48.3118728831726
test_02543,61.94100620951461
test_02544,79.47868058404725
test_02545,93.88155523929498
test_02546,48.73295500520837
test_02547,28.504748305394394
test_02548,16.812342473838907
test_02549,14.85767631818186
test_02550,29.57329674753069
test_02551,91.45786046121773
test_02552,59.38029033526831
test_02553,32.18081666358401
test_02554,68.56823527193221
test_02555,63.85990013045991
test_02556,42.558957792112984
test_02557,88.5087990525123
test_02558,96.37715732957494
test_02559,9.77599944329254
test_02560,33.694872516317886
test_02561,13.632431876894493
test_02562,25.577429133907508
test_02563,39.48940468098639
test_02564,26.093979798295447
test_02565,9.323371536895923
test_02566,12.32327892947983
test_02567,16.96667119858831
test_02568,137.30671246927605
test_02569,38.818630086516734
test_02570,13.917347882061877
test_02571,41.95287157650517
test_02572,13.38683175711709
test_02573,7.787889839359241
test_02574,11.102234882201802
test_02575,36.36806995031204
test_02576,46.6145853588209
test_02577,66.07324326465617
test_02578,53.04942015163951
test_02579,159.18801959079732
test_02580,31.591011845142123
test_02581,27.314699391053086
test_02582,10.324932889654114
test_02583,38.393528517453895
test_02584,58.9252464663257
test_02585,92.22414923099053
test_02586,121.41032847883842
test_02587,27.957900033984174
test_02588,195.79139735229097
test_02589,35.65703102188724
test_02590,10.607925065809454
test_02591,7.464823661837993
test_02592,49.20873985951215
test_02593,91.54321636713759
test_02594,220.6112365464744
test_02595,181.4711365913961
test_02596,103.53667733368158
test_02597,40.56065515549752
test_02598,62.73267221704073
test_02599,59.703361623008526
test_02600,46.95763022915623
test_02601,11.602297588693137
test_02602,47.829823326808935
test_02603,151.3918539936466
test_02604,56.72231199907252
test_02605,131.98651119991044
test_02606,255.47758531370312
test_02607,120.54721421361138
test_02608,101.84034763127329
test_02609,52.36824203072999
test_02610,153.51182218026793
test_02611,52.86631278145457
test_02612,47.65229757212751
test_02613,10.66362885404552
test_02614,26.35425972962892
test_02615,55.07219545151263
test_02616,116.23362942176331
test_02617,5.995208488673413
test_02618,67.75860247604308
test_02619,6.945878454877965
test_02620,30.689183067584366
test_02621,10.6088119384491
test_02622,13.047099033547102
test_02623,73.73521837455615
test_02624,156.2773612966493
test_02625,289.2555420468274
test_02626,250.37746330401234
test_02627,112.2784943905661
test_02628,102.89068646278504
test_02629,9.723270298241442
test_02630,92.38432455345657
test_02631,226.75574734631235
test_02632,37.90608453547823
test_02633,70.76686775330018
test_02634,62.09164149521608
test_02635,22.200357291010576
test_02636,18.149042572902907
test_02637,92.34052752915825
test_02638,67.0101605565098
test_02639,180.06897533766576
test_02640,25.2417658770321
test_02641,79.51248527317665
test_02642,10.04425954708896
test_02643,6.091010830899745
test_02644,11.1491742942539
test_02645,87.43674833062498
test_02646,204.82616962260408
test_02647,261.9131783741621
test_02648,17.974334916723812
test_02649,149.4147636518927
test_02650,111.05413101328617
test_02651,7.332477104026478
test_02652,134.72448298143547
test_02653,215.05385035012733
test_02654,513.3448159259573
test_02655,66.73104135488991
test_02656,44.23533498343279
test_02657,138.4377381287039
test_02658,221.98923619385954
test_02659,9.114316589450073
test_02660,19.580301233311545
test_02661,196.14117470518786
test_02662,223.8401566633291
test_02663,7.402341787007476
test_02664,10.591612601003915
test_02665,7.109177973241269
test_02666,93.08864423914855
test_02667,272.5516055790392
test_02668,209.09720897258526
test_02669,259.4968801718841
test_02670,378.7679761413273
test_02671,388.97416324726277
test_02672,11.821533831751866
test_02673,90.02088173402547
test_02674,145.68999284159437
test_02675,194.93745392481284
test_02676,13.941784299242187
test_02677,130.55722899008916
test_02678,13.729588476304627
test_02679,376.36036480739494
test_02680,360.3213150163508
test_02681,158.7456705346728
test_02682,333.4654596447443
test_02683,478.1068720894309
test_02684,261.34524957867325
test_02685,241.22011854185723
test_02686,160.42020830009105
test_02687,18.280972786586773
test_02688,11.045140428173974
test_02689,7.945486286061097
test_02690,22.862904778033904
test_02691,72.6388732163286
test_02692,9.68447588200626
test_02693,38.70157719278029
test_02694,76.0936611518769
test_02695,136.33382191831242
test_02696,181.71120852963008
test_02697,61.2860813496325
test_02698,7.902746482560299
test_02699,75.67627707054136
test_02700,9.972808069498578
test_02701,27.347732323147056
test_02702,132.03989302862044
test_02703,200.76272024605123
test_02704,317.1255660892429
test_02705,10.075516939973143
test_02706,437.0849066064019
test_02707,11.78779500397736
test_02708,7.9076923165741295
test_02709,95.6572592094686
test_02710,7.052948317901119
test_02711,43.99887671786119
test_02712,81.80060907686587
test_02713,291.0471199463935
test_02714,6.514673432031473
test_02715,7.500229515215424
test_02716,54.14523923061651
test_02717,7.399171033752021
test_02718,7.68081283603987
test_02719,8.890156814752029
test_02720,101.83486368207491
test_02721,140.11383309214307
test_02722,195.79160206029735
test_02723,258.497740030403
test_02724,274.74713679422155
test_02725,6.110295410476128
test_02726,88.92606499845378
test_02727,176.98184771705334
test_02728,7.911662553625328
test_02729,48.2053236996459
test_02730,14.872948786667594
test_02731,29.715903778568155
test_02732,19.919260977020787
test_02733,23.120130315646445
test_02734,90.65656802894478
test_02735,6.493518668505508
test_02736,209.81156183625907
test_02737,399.34648745496656
test_02738,48.4784784742689
test_02739,40.26071378979665
test_02740,121.19383073583487
test_02741,8.721152832215573
test_02742,7.702956350977603
test_02743,10.869073237902352
test_02744,11.503002280468202
test_02745,201.88933081284438
test_02746,83.30530686201885
test_02747,322.5331358176361
test_02748,257.95781680680034
test_02749,44.75273256211226
test_02750,46.608768914364866
test_02751,39.6510545262483
test_02752,131.5949062363924
test_02753,59.85736723635604
test_02754,9.555265061944786
test_02755,35.96902587989251
test_02756,64.0376615619153
test_02757,12.988613436113521
test_02758,49.5158816434838
test_02759,7.585941950933401
test_02760,9.06155194734139
test_02761,118.97343222237905
test_02762,123.87733157289281
test_02763,12.693710804316373
test_02764,14.65850161040431
test_02765,76.79911979537107
test_02766,80.02356352294292
test_02767,60.548525112491106
test_02768,7.788761178207327
test_02769,81.00387469745978
test_02770,63.518491998816
test_02771,45.66876293862885
test_02772,101.12819973004146
test_02773,12.856977743774433
test_02774,33.95262798839292
test_02775,105.20226420288128
test_02776,18.93807363975058
test_02777,30.746298578090894
test_02778,57.7243000852592
test_02779,73.89150504689876
test_02780,42.33226678704457
test_02781,14.768277439663692
test_02782,48.69301310985311
test_02783,55.99602588852012
test_02784,67.73047884076183
test_02785,87.53022714339644
test_02786,72.48868351148185
test_02787,49.88227604373895
test_02788,172.42665798096306
test_02789,208.05605659056002
test_02790,8.510391772382684
test_02791,45.03478975462502
test_02792,11.753501328398762
test_02793,16.633760798943698
test_02794,46.33848217411462
test_02795,17.21555463079282
test_02796,34.941866796728945
test_02797,123.23308979483534
test_02798,26.050166678083905
test_02799,33.46980574612775
test_02800,70.55884457701177
test_02801,28.83039686131858
test_02802,40.63410407240973
test_02803,42.75159635444163
test_02804,84.85253535216928
test_02805,99.71051930285651
test_02806,57.44046339024466
test_02807,39.851291329304054
test_02808,65.66431419059664
test_02809,24.279887919636323
test_02810,14.890557603868604
test_02811,14.408158574870285
test_02812,104.41513031516592
test_02813,47.44332037041535
test_02814,10.279497112666924
test_02815,84.19939346769402
test_02816,36.296882791863624
test_02817,34.86649270641868
test_02818,40.75522797813958
test_02819,72.20447735637572
test_02820,95.4439231550223
test_02821,46.5090623932875
test_02822,142.9158062318671
test_02823,77.09875345560765
test_02824,166.0619889378424
test_02825,41.548707090660855
test_02826,6.028306251860552
test_02827,66.44178338283685
test_02828,37.39904416514422
test_02829,53.72661944883377
test_02830,13.425318221535834
test_02831,14.846828299701514
test_02832,22.20293414395904
test_02833,25.748173015349835
test_02834,74.73782263830995
test_02835,75.6302871314569
test_02836,145.69256405208844
test_02837,49.45672109097864
test_02838,163.77874845582772
test_02839,10.388215340030754
test_02840,25.161075845807684
test_02841,73.06945357983075
test_02842,97.58284391606243
test_02843,64.07357213828469
test_02844,96.57293473219384
test_02845,41.682771070929654
test_02846,12.748997593424306
test_02847,94.87865113047172
test_02848,110.00715560234283
test_02849,114.12317145088988
test_02850,41.36108888340702
test_02851,52.15187367910684
test_02852,125.29022543072908
test_02853,87.88063116134022
test_02854,88.04142394328215
test_02855,17.86725383542751
test_02856,36.80679979494043
test_02857,32.388420949506624
test_02858,24.619602587576725
test_02859,74.33497405443362
test_02860,75.88493490992019
test_02861,11.145921967660245
test_02862,24.00266895942996
test_02863,66.38786650753799
test_02864,83.97091043434179
test_02865,113.90374363967965
test_02866,37.97249134605988
test_02867,40.3874551345683
test_02868,14.141988092350608
test_02869,95.96041307161983
test_02870,181.1051171585932
test_02871,36.82865122386984
test_02872,50.99860975882315
test_02873,69.47578929840145
test_02874,103.27989729322454
test_02875,162.9670855591808
test_02876,67.8215552326576
test_02877,101.50285605105896
test_02878,18.252726087871352
test_02879,16.880977642696564
test_02880,40.43822544183466
test_02881,85.4584363548888
test_02882,99.3005608953648
test_02883,43.08148940818537
test_02884,21.956833333031486
test_02885,9.386993860087745
test_02886,17.493139847159995
test_02887,38.03367343422828
test_02888,68.3399150905956
test_02889,36.8764606047024
test_02890,22.67051025457606
test_02891,25.130077630202692
test_02892,53.75399703695414
test_02893,79.30319394159267
test_02894,78.0262880761769
test_02895,145.2658924670696
test_02896,8.824419504251015
test_02897,24.48676894973984
test_02898,8.423845823162736
test_02899,10.287446413615934
test_02900,18.51340211876441
test_02901,24.936425650019615
test_02902,6.949397433482747
test_02903,12.935442866415052
test_02904,12.586744847659663
test_02905,28.127244433681266
test_02906,12.383071185474002
test_02907,36.49256638716655
test_02908,12.74504323940771
test_02909,8.488416494801566
test_02910,9.154216526635018
test_02911,24.24488558289283
test_02912,36.481271349299185
test_02913,88.49396818676465
test_02914,156.55521495596093
test_02915,25.844473415060097
test_02916,18.385358407030452
test_02917,11.008865494327008
test_02918,28.310676953019208
test_02919,36.21582897261829
test_02920,67.14098005168587
test_02921,119.3119942670279
test_02922,16.13262250115121
test_02923,181.61856658811877
test_02924,29.867345154344505
test_02925,12.247593103042247
test_02926,8.13891226575883
test_02927,36.7045834024768
test_02928,74.45891865444435
test_02929,212.75028222920622
test_02930,161.1297935676829
test_02931,56.67470054572495
test_02932,50.128049526452145
test_02933,76.65475726456782
test_02934,87.92346380006413
test_02935,76.48976592527735
test_02936,14.956528049191427
test_02937,37.6763714290867
test_02938,148.15586510992603
test_02939,86.33781690550906
test_02940,122.93703031611182
test_02941,197.61144027131562
test_02942,163.61988094034123
test_02943,137.0725162919534
test_02944,74.32735862804805
test_02945,50.076365519789455
test_02946,161.26152921327076
test_02947,95.51150200548891
test_02948,33.734208594996645
test_02949,8.130813910969966
test_02950,18.521453791338807
test_02951,34.40510274611309
test_02952,60.612731203499166
test_02953,5.508240555402063
test_02954,5.60707343898525
test_02955,26.76931983748156
test_02956,27.796919877188934
test_02957,6.379403434936238
test_02958,67.31443407576089
test_02959,134.34887301552914
test_02960,275.8785747227902
test_02961,140.41846827436814
test_02962,105.03381500171147
test_02963,94.9651792957403
test_02964,6.542965622364133
test_02965,79.62648837913414
test_02966,162.90768434798352
test_02967,97.5887304782289
test_02968,47.40035083355995
test_02969,55.816089271781394
test_02970,46.681757997959565
test_02971,12.909270151795003
test_02972,84.71171420000266
test_02973,130.7434315607159
test_02974,163.95936640184289
test_02975,38.964832829717814
test_02976,63.65760976343269
test_02977,8.056060355435834
test_02978,5.94029355036915
test_02979,8.265234828299864
test_02980,92.02212417962058
test_02981,141.6831056131375
test_02982,228.28888847694805
test_02983,13.108326582188555
test_02984,71.37674013513711
test_02985,108.56847333448255
test_02986,6.567999589858687
test_02987,65.55528581569156
test_02988,122.8131828630772
test_02989,459.50804689593116
test_02990,255.85819309499493
test_02991,52.13863465875241
test_02992,43.73260034806721
test_02993,132.9057022426789
test_02994,11.715088472001272
test_02995,14.274532256696464
test_02996,61.308513843632255
test_02997,205.21296650233876
test_02998,6.459023725987001
test_02999,6.4442190261309324
test_03000,9.000418161246456
test_03001,48.14742212087419
test_03002,219.22751004348186
test_03003,97.97440026323217
test_03004,79.85827801329755
test_03005,370.8213014045382
test_03006,411.2235729834996
test_03007,16.661765953469853
test_03008,52.29640262264505
test_03009,132.38825467044782
test_03010,186.2018598813974
test_03011,10.1260177118339
test_03012,118.96661748998429
test_03013,8.944466492130974
test_03014,157.56863988771363
test_03015,216.03351078974947
test_03016,376.4063851252182
test_03017,299.09427097524883
test_03018,193.7178208799142
test_03019,406.8831838146681
test_03020,292.1439083765102
test_03021,221.98242938079193
test_03022,177.09944142499646
test_03023,24.15555630469065
test_03024,11.351088283666897
test_03025,8.505340275104658
test_03026,36.5161506446978
test_03027,30.52718776715763
test_03028,10.524763576198854
test_03029,33.55518200052556
test_03030,65.80527475189011
test_03031,118.16335151276516
test_03032,200.56108825712658
test_03033,85.67059621675786
test_03034,7.75447486658128
test_03035,97.36497979121546
test_03036,17.793179956067128
test_03037,14.933402598529707
test_03038,91.11220548792652
test_03039,143.37467061324037
test_03040,258.64948287019797
test_03041,10.268233970217967
test_03042,463.63753007968626
test_03043,7.924782145135242
test_03044,8.99361077066164
test_03045,100.32719311566018
test_03046,8.126883493270906
test_03047,30.487466264864672
test_03048,86.23885361115246
test_03049,269.8323815445223
test_03050,6.43777878958714
test_03051,10.305387307864166
test_03052,106.92152521220964
test_03053,7.294226808118789
test_03054,7.366591359774696
test_03055,8.061506552222019
test_03056,81.3595373563168
test_03057,163.83145546977713
test_03058,206.56172978404618
test_03059,273.1348661884577
test_03060,250.45184984483217
test_03061,7.7353077625903826
test_03062,81.44328052702696
test_03063,150.23665887424173
test_03064,6.037761423827532
test_03065,74.92181694443333
test_03066,86.8550667346647
test_03067,17.013428153787313
test_03068,19.40200922756158
test_03069,14.277532328585561
test_03070,18.024932974925182
test_03071,97.84539177552121
test_03072,9.586445797745583
test_03073,185.4845474186919
test_03074,132.8946639573071
test_03075,78.65389480733018
test_03076,45.96132168132199
test_03077,117.4813129974271
test_03078,8.996615975151261
test_03079,6.932340570060808
test_03080,11.991342467768284
test_03081,15.660019945905056
test_03082,100.78732554878077
test_03083,8.362581848953623
test_03084,97.82872259521727
test_03085,289.9459966817439
test_03086,274.5365837345213
test_03087,57.97422351336355
test_03088,40.53619079506246
test_03089,50.172708596124984
test_03090,125.31341013884193
test_03091,59.543503139570916
test_03092,8.594959654857298
test_03093,35.07855213829305
test_03094,34.87842140034659
test_03095,14.023488690481782
test_03096,52.00038144932421
test_03097,9.663034013135885
test_03098,10.941169740936209
test_03099,124.27351082956957
test_03100,71.19645008393468
test_03101,7.284864989529847
test_03102,8.690925506646714
test_03103,94.69462741708756
test_03104,136.60300069697325
test_03105,111.23426184667908
test_03106,33.32932610359992
test_03107,17.269346504551933
test_03108,75.62179325778496
test_03109,77.65556842253312
test_03110,50.802174071223156
test_03111,75.80230830969793
test_03112,83.27990801766094
test_03113,39.63275874361006
test_03114,107.9863509431363
test_03115,12.063490071485099
test_03116,24.785807749717243
test_03117,71.67114826563233
test_03118,88.82098238368543
test_03119,13.494542179881119
test_03120,46.87172392460924
test_03121,48.11125102467747
test_03122,57.462406375276686
test_03123,61.856467221456974
test_03124,96.67760548437796
test_03125,60.04290106585121
test_03126,165.4586183789028
test_03127,22.034481592811037
test_03128,9.593851422128314
test_03129,15.103014153407457
test_03130,48.364387633911704
test_03131,22.151084694729796
test_03132,26.88312919767477
test_03133,56.38247760987477
test_03134,21.332353706445616
test_03135,42.19905836914947
test_03136,105.55687652088596
test_03137,26.256227853724788
test_03138,37.99268709599454
test_03139,52.4972979783653
test_03140,47.585169400665855
test_03141,47.88332932018382
test_03142,42.8301919692287
test_03143,78.73626588634033
test_03144,107.35502523762325
test_03145,83.4258445955082
test_03146,77.36380975208176
test_03147,80.37425740620466
test_03148,48.799863290565355
test_03149,12.615612653597335
test_03150,23.509872545391257
test_03151,90.12430950028724
test_03152,41.13782543842663
test_03153,14.749358879315205
test_03154,97.99585979573939
test_03155,36.520488052758644
test_03156,37.36254175510976
test_03157,50.47337790251044
test_03158,71.81138996542639
test_03159,65.98904222462548
test_03160,71.34831951089167
test_03161,115.10788742903631
test_03162,88.66184418042127
test_03163,195.67226288734474
test_03164,46.94004154894544
test_03165,8.53851453938862
test_03166,72.39179709659021
test_03167,86.69003085265201
test_03168,48.52838007416971
test_03169,17.25199991527176
test_03170,30.92691693751909
test_03171,42.820757316132365
test_03172,49.030092626340895
test_03173,104.26479155978956
test_03174,99.51485369573842
test_03175,172.8823808285449
test_03176,68.79206363481606
test_03177,129.27978076521003
test_03178,7.888884756925812
test_03179,31.491473143988436
test_03180,66.76110439082872
test_03181,107.12577162365977
test_03182,115.1539486292882
test_03183,68.24701561537093
test_03184,24.551980276025812
test_03185,35.6071477805854
test_03186,111.33112643765266
test_03187,54.52356336764124
test_03188,82.2483496260235
test_03189,83.01240486841334
test_03190,72.33437294693962
test_03191,72.50744683249067
test_03192,112.545352165048
test_03193,86.7493706580757
test_03194,59.450992907954216
test_03195,32.25964237353641
test_03196,40.964143203950115
test_03197,31.372300285393962
test_03198,36.10978466203848
test_03199,102.8958142644979
test_03200,101.73725027335934
test_03201,101.66671145171111
test_03202,9.910334746176755
test_03203,37.23277962809263
test_03204,57.49955076590581
test_03205,154.04290400467073
test_03206,122.06313162882765
test_03207,26.19201877969268
test_03208,38.65206665100566
test_03209,13.437487242718227
test_03210,94.10383736413014
test_03211,124.1396764517973
test_03212,41.44749671430786
test_03213,67.30156695728259
test_03214,153.88029129119485
test_03215,90.79351638808647
test_03216,89.74538786652346
test_03217,77.4604759337436
test_03218,127.06843479710372
test_03219,20.748419403817685
test_03220,63.08089001330262
test_03221,73.95288644854094
test_03222,83.59114871864085
test_03223,48.326607445538755
test_03224,30.654094030384815
test_03225,21.925731833948273
test_03226,11.757304566227027
test_03227,32.54944278795537
test_03228,95.45393426412096
test_03229,61.47682412969582
test_03230,33.59220363348028
test_03231,63.0793638773212
test_03232,70.85407133834865
test_03233,33.44332249924048
test_03234,90.08152661423078
test_03235,115.74985401914964
test_03236,9.29382577703569
test_03237,33.47018204462554
test_03238,8.877663426271237
test_03239,22.681864392248883
test_03240,45.81757769086678
test_03241,35.11844130368571
test_03242,8.831916988914877
test_03243,20.587153088859854
test_03244,18.799726572634896
test_03245,127.27327739193984
test_03246,36.447062059801425
test_03247,23.512558293588196
test_03248,41.923873587824914
test_03249,9.988227578744882
test_03250,9.79091969787768
test_03251,13.705731178907318
test_03252,33.89846069625825
test_03253,35.45357056968162
test_03254,61.75659248292919
test_03255,75.10410011040574
test_03256,140.52451943601775
test_03257,30.324427728598693
test_03258,35.23131822110744
test_03259,14.525475110236926
test_03260,16.819143625254238
test_03261,55.10294380985631
test_03262,91.48444584218183
test_03263,92.1871358681936
test_03264,39.36828505381091
test_03265,194.70058460108942
test_03266,38.17369200136176
test_03267,16.569120484230602
test_03268,8.54970293039675
test_03269,52.91257812229405
test_03270,92.74478216469129
test_03271,215.6163913352959
test_03272,193.4687370225741
test_03273,104.52522447999164
test_03274,39.863371455824655
test_03275,55.90006479327688
test_03276,55.07996472164358
test_03277,47.09316496645345
test_03278,16.47970557675698
test_03279,45.248837571630055
test_03280,127.23148791584651
test_03281,57.259356596842224
test_03282,126.6955731024522
test_03283,205.04029477283984
test_03284,147.92011594019655
test_03285,123.97871603477161
test_03286,95.30025659099844
test_03287,53.449397933362334
test_03288,161.06579918255727
test_03289,54.62418457734064
test_03290,47.63139263399971
test_03291,10.100341167963903
test_03292,18.86434694930176
test_03293,54.742965973670664
test_03294,122.20467548350119
test_03295,8.180752399355313
test_03296,59.04325255744288
test_03297,7.3331002308370605
test_03298,30.494390536405334
test_03299,15.863112847046327
test_03300,12.771631211230337
test_03301,67.68632311282987
test_03302,137.23441930997268
test_03303,247.62389423544332
test_03304,213.08412172615834
test_03305,110.79304176645113
test_03306,105.48276993047857
test_03307,11.684001395690418
test_03308,85.82562407019347
test_03309,192.91434425343334
test_03310,112.49967050306631
test_03311,61.23150052835206
test_03312,56.310574633745766
test_03313,35.87361204648263
test_03314,16.896330774871863
test_03315,81.52455949910446
test_03316,65.27875904301034
test_03317,187.9138219262317
test_03318,27.064185960459813
test_03319,69.75139833531664
test_03320,9.690098267658037
test_03321,6.48944532036741
test_03322,33.46050201663668
test_03323,91.13572232641815
test_03324,198.53137279568162
test_03325,290.2155828999905
test_03326,20.904608657573505
test_03327,112.06779928812958
test_03328,145.13702336020268
test_03329,7.028247332228757
test_03330,116.14481992777662
test_03331,231.5725291425364
test_03332,411.1528130378331
test_03333,86.83709972716014
test_03334,39.409039977390236
test_03335,136.28562499027728
test_03336,224.02106099154605
test_03337,9.9355322222723
test_03338,31.215319456012118
test_03339,173.96024629988136
test_03340,224.36895415467933
test_03341,8.041915116091571
test_03342,13.833743398604042
test_03343,8.40124190834745
test_03344,201.4317065188994
test_03345,272.6009076519885
test_03346,207.45551671867986
test_03347,221.43863473721717
test_03348,363.78755561093806
test_03349,390.38859704005097
test_03350,14.166636461024051
test_03351,79.74110680061241
test_03352,131.1062936350074
test_03353,182.40006746141742
test_03354,15.754691090896655
test_03355,131.75321291155203
test_03356,16.175321885377766
test_03357,289.95212255241245
test_03358,298.7351366923119
test_03359,349.0508333976206
test_03360,146.89875755508825
test_03361,335.5377952596292
test_03362,467.86720860457115
test_03363,243.46497322924546
test_03364,176.23347270927516
test_03365,188.1704490187179
test_03366,22.08737561626181
test_03367,12.162763961691946
test_03368,6.759291593515214
test_03369,70.07972634913395
test_03370,82.6546171704706
test_03371,11.622552361051422
test_03372,31.102426254280278
test_03373,69.83856248227451
test_03374,34.66238115980539
test_03375,159.23193244319015
test_03376,54.4140977075485
test_03377,7.596611579895001
test_03378,67.16509433491788
test_03379,7.025152403697437
test_03380,25.39465763061903
test_03381,101.81175512205121
test_03382,181.7648673807322
test_03383,309.82995687483844
test_03384,9.301666706435427
test_03385,337.9027377560807
test_03386,11.001471816463042
test_03387,10.10058267556513
test_03388,99.75257583554703
test_03389,7.385905875277452
test_03390,58.64495226568148
test_03391,114.52730087036471
test_03392,309.44075358382287
test_03393,7.365345844577629
test_03394,13.699747271030258
test_03395,52.581390354526576
test_03396,13.626261769028574
test_03397,9.080497131370162
test_03398,9.33631193395981
test_03399,75.29299446064098
test_03400,126.15597109334239
test_03401,181.58757653766395
test_03402,207.24662835271477
test_03403,245.7510915235865
test_03404,7.01818321601759
test_03405,90.10352609970172
test_03406,140.41107975644604
test_03407,6.56246848848578
test_03408,44.57006046568424
test_03409,83.85946425377081
test_03410,17.72507205686684
test_03411,31.000451889099352
test_03412,19.271024059625532
test_03413,19.35907426375319
test_03414,105.56789034927849
test_03415,8.42905343546443
test_03416,185.5829506051573
test_03417,199.6232137910017
test_03418,342.18564401982434
test_03419,79.16415255550925
test_03420,56.86986376607813
test_03421,103.4536651874864
test_03422,8.219542547953342
test_03423,8.643177298642684
test_03424,7.8645057981480635
test_03425,18.535169982456836
test_03426,108.53219406091097
test_03427,8.762091494782627
test_03428,98.51009232299788
test_03429,253.79598924031882
test_03430,334.7735913964677
test_03431,73.51247659346909
test_03432,48.079760971690455
test_03433,52.0423582937333
test_03434,116.99679536180723
test_03435,53.36413061982
test_03436,11.437281683220027
test_03437,27.83804998125544
test_03438,41.91895803581922
test_03439,12.55168947660453
test_03440,51.27024111636818
test_03441,8.095856917190577
test_03442,28.895016761814308
test_03443,92.79264811117957
test_03444,64.687817823354
test_03445,7.230011276616596
test_03446,19.43048827943723
test_03447,57.95623045667875
test_03448,107.25649725213728
test_03449,94.61228751975932
test_03450,17.202401868426204
test_03451,10.346606613011861
test_03452,39.92526837916037
test_03453,55.14145777943999
test_03454,35.546721596188675
test_03455,78.01685642995685
test_03456,52.45149401506931
test_03457,29.775505866604814
test_03458,77.67092179994542
test_03459,12.934199884677433
test_03460,14.189585825014127
test_03461,38.91972141115703
test_03462,80.96853489618142
test_03463,62.41940073175846
test_03464,34.175638830113705
test_03465,13.874528686791983
test_03466,37.190740982241095
test_03467,54.30921476184942
test_03468,64.63855867129722
test_03469,78.31729092988456
test_03470,66.32227156593342
test_03471,48.616457648994455
test_03472,174.08773033774588
test_03473,187.35970223242327
test_03474,22.65573157798266
test_03475,9.748343327049872
test_03476,28.14447659787221
test_03477,49.378317695470976
test_03478,14.574670101209884
test_03479,35.93842093761743
test_03480,51.016049110798306
test_03481,21.072464949192817
test_03482,42.75186334491796
test_03483,165.1649224398993
test_03484,24.705428704900346
test_03485,28.1337503175817
test_03486,55.21241350009197
test_03487,69.01027363473213
test_03488,34.30824920564024
test_03489,44.868920430428076
test_03490,83.60940261442234
test_03491,81.28434597902526
test_03492,75.23797436460261
test_03493,53.94115174418448
test_03494,91.3346119598034
test_03495,54.563673115524935
test_03496,8.42547599076783
test_03497,16.178848576917833
test_03498,56.31575978057991
test_03499,42.80314786927497
test_03500,8.983001492384021
test_03501,93.12562519914248
test_03502,28.864145679492744
test_03503,42.57831296727237
test_03504,41.29366159202558
test_03505,60.65570834575655
test_03506,64.09304292459188
test_03507,68.67825282246046
test_03508,116.31650177648294
test_03509,83.97865966022343
test_03510,177.97633441549291
test_03511,61.32501402600481
test_03512,9.805187006641265
test_03513,42.76524430013921
test_03514,51.46127781029603
test_03515,59.8214968013385
test_03516,15.340830698619264
test_03517,34.04805757953652
test_03518,25.73311862960282
test_03519,33.86131432938618
test_03520,91.70814015824536
test_03521,143.1178536038792
test_03522,63.91508433415953
test_03523,44.522278914934915
test_03524,6.64823080297115
test_03525,17.388777080150383
test_03526,27.86875713378833
test_03527,76.46871495582536
test_03528,96.68909066222629
test_03529,122.24201510362336
test_03530,32.945330568013325
test_03531,22.13394721915163
test_03532,31.074172191082845
test_03533,122.26652033705828
test_03534,42.59806328590598
test_03535,86.57925732028474
test_03536,80.86818775276397
test_03537,61.105187451591455
test_03538,54.0526618319684
test_03539,108.96975378428603
test_03540,91.45937329620263
test_03541,65.1373414455517
test_03542,24.812212144219487
test_03543,44.91232206898589
test_03544,34.759257626444096
test_03545,45.01651866606303
test_03546,82.05270941645578
test_03547,139.86548826380124
test_03548,63.29820866640214
test_03549,10.742390056864398
test_03550,32.00912249237071
test_03551,59.20725053697398
test_03552,169.55070987647898
test_03553,179.41634664053987
test_03554,36.00597715672482
test_03555,38.179613285791376
test_03556,11.736901899250004
test_03557,87.83422096690929
test_03558,121.48211305361194
test_03559,49.22857858747012
test_03560,64.26759293323107
test_03561,92.14367559054847
test_03562,43.31775223344674
test_03563,57.17189713467475
test_03564,61.16668974375775
test_03565,100.37639934127179
test_03566,15.12052057618868
test_03567,49.71285471801054
test_03568,58.51676582181084
test_03569,86.07511871834329
test_03570,111.70831472230252
test_03571,49.40497281330794
test_03572,24.156942359355178
test_03573,14.685391364938969
test_03574,11.527605926184492
test_03575,22.86868192910352
test_03576,73.91703440635237
test_03577,62.444106628677005
test_03578,16.31188845971116
test_03579,61.39148569585238
test_03580,58.73731157836909
test_03581,37.71343708309413
test_03582,115.91421071989427
test_03583,87.4352220924856
test_03584,5.511175548829102
test_03585,22.470666255985154
test_03586,9.662968681000647
test_03587,23.79843219154238
test_03588,31.89885820448952
test_03589,21.15392552494382
test_03590,7.717126772614424
test_03591,21.639716456159476
test_03592,16.66207872212644
test_03593,147.11630419477814
test_03594,17.463654273200273
test_03595,45.457531923517074
test_03596,9.046296899397378
test_03597,9.094000050935033
test_03598,11.440585250809876
test_03599,33.39705523470403
test_03600,39.169935223452285
test_03601,75.0123144277124
test_03602,44.04453148052377
test_03603,146.50542289500748
test_03604,69.75814699641144
test_03605,32.49738421992927
test_03606,11.347991846001884
test_03607,26.53922803517362
test_03608,36.947655465082896
test_03609,97.7849752529475
test_03610,63.16357204460466
test_03611,28.101559186803296
test_03612,182.45935201443893
test_03613,28.76484722004033
test_03614,6.625584095701083
test_03615,9.363710059198652
test_03616,31.17241126114505
test_03617,105.1519363108053
test_03618,200.61644170407956
test_03619,163.82346901041996
test_03620,105.12389896838641
test_03621,34.71553078862254
test_03622,54.03132726028936
test_03623,62.7102222098818
test_03624,47.69665236625063
test_03625,23.4408719519414
test_03626,43.30347408353319
test_03627,133.14487905559076
test_03628,54.71353447199623
test_03629,107.01067480000972
test_03630,171.342146980281
test_03631,245.6711812118546
test_03632,146.40257888287445
test_03633,102.54214625175987
test_03634,76.17493858680992
test_03635,163.04609284517082
test_03636,92.3942100445611
test_03637,45.43525426060359
test_03638,12.201848227824636
test_03639,18.659903364852756
test_03640,42.801413828311645
test_03641,96.10474345423864
test_03642,9.537042681375917
test_03643,49.02017930820756
test_03644,5.661679520821002
test_03645,31.199856667308453
test_03646,11.873920056322637
test_03647,6.886408608140805
test_03648,73.95794287272138
test_03649,133.3873374609405
test_03650,259.5856519509556
test_03651,244.3841147788352
test_03652,108.42790840128839
test_03653,109.7114976638621
test_03654,12.13088370240312
test_03655,83.01412032031351
test_03656,205.55477885444162
test_03657,53.75778007695996
test_03658,64.75010620000248
test_03659,46.72426544786881
test_03660,16.14437002917623
test_03661,22.268835412666782
test_03662,85.40288804162545
test_03663,62.46134876520978
test_03664,160.71651016716902
test_03665,26.00725894322187
test_03666,66.63754310360265
test_03667,8.413443085353776
test_03668,7.141019121757907
test_03669,10.560031423655813
test_03670,76.64641039829156
test_03671,203.546019300231
test_03672,341.7226837735392
test_03673,26.39365321444088
test_03674,95.02453022108483
test_03675,150.5894066973071
test_03676,6.842822733680723
test_03677,115.75559261148686
test_03678,116.6664082242786
test_03679,371.3126238133498
test_03680,71.91194118885885
test_03681,42.66744146845356
test_03682,108.72448908141033
test_03683,179.94550180137173
test_03684,7.798508248146958
test_03685,45.77033133717026
test_03686,99.25344994732079
test_03687,226.18316968410363
test_03688,7.929393486685457
test_03689,15.62657144647854
test_03690,7.512982647405947
test_03691,73.53020592020194
test_03692,227.24637224383483
test_03693,230.87979473926669
test_03694,166.00809640576318
test_03695,266.5402904158978
test_03696,356.38535397480035
test_03697,11.587972990870545
test_03698,88.28261617877678
test_03699,162.2378974833144
test_03700,177.89453654057021
test_03701,11.500353348829917
test_03702,147.90008773517636
test_03703,19.745689674362236
test_03704,176.96836253047837
test_03705,410.67176423401463
test_03706,92.282814344749
test_03707,202.937040772978
test_03708,397.3710479141472
test_03709,258.4230156248116
test_03710,189.0080551794313
test_03711,163.1607309347022
test_03712,18.665761702711674
test_03713,12.895872406941624
test_03714,6.541344155557682
test_03715,35.84683842332589
test_03716,98.01914619440717
test_03717,12.906244597807149
test_03718,30.646530163344373
test_03719,93.14524924062965
test_03720,119.74005945437847
test_03721,174.7927783365875
test_03722,56.45329349173451
test_03723,7.379849864265136
test_03724,93.02538344848986
test_03725,14.453253564394593
test_03726,22.764130604432307
test_03727,70.06958303137465
test_03728,155.35114247939865
test_03729,247.14492264987814
test_03730,9.068682804707285
test_03731,547.7736339713549
test_03732,9.498279712591893
test_03733,10.640410816175232
test_03734,86.13022384092125
test_03735,8.143217856680328
test_03736,63.59278857583689
test_03737,108.18893397389391
test_03738,255.65354791044064
test_03739,6.415831109372222
test_03740,6.879153426480778
test_03741,81.6566923830513
test_03742,9.742399551729441
test_03743,7.321892043857602
test_03744,7.768383734174471
test_03745,152.75955766955184
test_03746,147.08339032439338
test_03747,149.34570091765045
test_03748,217.8678373881723
test_03749,260.7718232866221
test_03750,6.29622683486134
test_03751,85.14368806035385
test_03752,140.99420682576266
test_03753,6.197409660896403
test_03754,55.02791984336737
test_03755,90.59382395617534
test_03756,13.141414217402618
test_03757,36.96951216199947
test_03758,14.011378788806622
test_03759,29.705808893330783
test_03760,63.66400915256307
test_03761,6.279468816847407
test_03762,224.10040682620797
test_03763,144.21101731654824
test_03764,375.6040611498321
test_03765,79.35616734467958
test_03766,61.81055152437842
test_03767,127.69946070313216
test_03768,11.307031094048519
test_03769,10.176456836092846
test_03770,8.518077157520047
test_03771,17.085049305711202
test_03772,106.37133216020158
test_03773,10.92683953084474
test_03774,93.09638245162027
test_03775,281.6834285936053
test_03776,63.32026331036462
test_03777,47.796732082588015
test_03778,51.90743282992107
test_03779,122.07574482127505
test_03780,58.52274082858596
test_03781,9.487586106042006
test_03782,50.77245461275472
test_03783,53.614825985024815
test_03784,11.04429995344173
test_03785,55.605796452198696
test_03786,9.33737786927996
test_03787,9.578679731545199
test_03788,116.97796831483024
test_03789,66.60895963196303
test_03790,6.167149111654405
test_03791,63.03851348699037
test_03792,114.57928014843375
test_03793,101.8990900625157
test_03794,21.115286657584782
test_03795,9.706344502998999
test_03796,43.98247047832327
test_03797,69.50135131122869
test_03798,33.61541489990596
test_03799,84.93034206936268
test_03800,75.29998194251431
test_03801,87.4982322942373
test_03802,11.218450991534596
test_03803,11.768244471330146
test_03804,24.7135010030999
test_03805,76.53714253088074
test_03806,95.84019819270725
test_03807,47.02740566503603
test_03808,31.4819330572506
test_03809,56.505412660935804
test_03810,62.734908873228406
test_03811,55.91480000896364
test_03812,69.56136282008313
test_03813,110.74927060845474
test_03814,51.859989830678714
test_03815,171.21471963610867
test_03816,203.2319065559524
test_03817,19.01865618538486
test_03818,8.443895683726183
test_03819,34.16415796458483
test_03820,44.424229655191105
test_03821,9.071843261960279
test_03822,39.16651277964118
test_03823,76.63579525374993
test_03824,29.671990364741355
test_03825,40.296265322834664
test_03826,142.0259421995201
test_03827,13.411248098515689
test_03828,35.21643449330387
test_03829,58.56378813667368
test_03830,86.26127401029208
test_03831,43.12401910094699
test_03832,47.03189793394749
test_03833,81.49779140857197
test_03834,103.49854679740048
test_03835,80.8489661083762
test_03836,70.09695948263877
test_03837,86.6114277313085
test_03838,60.14867006805446
test_03839,11.157165232046767
test_03840,11.270894538408736
test_03841,80.8438878506883
test_03842,46.27829717877771
test_03843,15.581713733002745
test_03844,87.75201894024482
test_03845,27.90573260671943
test_03846,35.73672846643642
test_03847,36.030242633530534
test_03848,69.32111276038637
test_03849,75.43142013887561
test_03850,79.00807867103421
test_03851,109.50846288906325
test_03852,95.47760274635395
test_03853,210.04560959535533
test_03854,47.026149326897
test_03855,26.894632032202548
test_03856,56.352578555966915
test_03857,66.68134361779
test_03858,66.0294491505653
test_03859,14.954119010131524
test_03860,32.146761001628434
test_03861,19.647484320257153
test_03862,33.58180135695083
test_03863,98.77831219839209
test_03864,108.72207035467937
test_03865,70.27583260313949
test_03866,115.81159593474332
test_03867,6.649653583105681
test_03868,18.687402008382904
test_03869,72.77983380446089
test_03870,104.85846720786128
test_03871,124.9003483541477
test_03872,77.1625690329965
test_03873,26.27307805002708
test_03874,39.13395901953165
test_03875,113.75679386377718
test_03876,47.9693382734608
test_03877,88.30371423149018
test_03878,89.41089855431798
test_03879,63.48263627498511
test_03880,64.02787368250185
test_03881,118.70460165992156
test_03882,100.8938864303041
test_03883,68.75269458850903
test_03884,28.5729695966459
test_03885,35.77402603954813
test_03886,28.99229882640806
test_03887,34.80608596684838
test_03888,103.29083036707712
test_03889,105.82866878474664
test_03890,87.89330452535259
test_03891,10.080852048576634
test_03892,34.79930851199135
test_03893,56.14525181164032
test_03894,151.73523017510252
test_03895,143.4154851774757
test_03896,30.061046032934517
test_03897,45.26412276197682
test_03898,12.41284175841864
test_03899,116.01615474950788
test_03900,123.56862199951931
test_03901,30.965586762588323
test_03902,71.48756603814907
test_03903,174.91573073079385
test_03904,95.04195434429502
test_03905,87.59345271654672
test_03906,78.15482820698014
test_03907,123.54521634516152
test_03908,22.20594417180326
test_03909,61.01539567811099
test_03910,36.75576932249186
test_03911,76.39190125106022
test_03912,89.46498292140214
test_03913,47.107126544043474
test_03914,31.088128340964648
test_03915,27.68975624696307
test_03916,12.67577411876665
test_03917,29.92461247440128
test_03918,98.81505786297373
test_03919,58.3210062143256
test_03920,40.70356855722889
test_03921,69.0628651607139
test_03922,68.84659706311953
test_03923,47.10396877201294
test_03924,88.634353172356
test_03925,122.42682546093492
test_03926,8.319638202857353
test_03927,31.095556883138137
test_03928,8.11870657937743
test_03929,27.90049610556798
test_03930,42.15514634986385
test_03931,24.13802569704787
test_03932,7.918667173924978
test_03933,14.964638507693849
test_03934,23.96882701175393
test_03935,132.36605795738728
test_03936,41.07869140164376
test_03937,18.23544492642496
test_03938,49.404723014408475
test_03939,10.527037245892553
test_03940,10.251508406565554
test_03941,16.400653275821
test_03942,33.47714944425633
test_03943,41.96878682231841
test_03944,83.83172865121091
test_03945,66.22232974718223
test_03946,159.65900932457416
test_03947,29.193328538230453
test_03948,36.452330264753286
test_03949,13.822986068103091
test_03950,36.698429242022705
test_03951,55.244772469932585
test_03952,96.74872915391155
test_03953,81.46869781428782
test_03954,176.6344112085056
test_03955,29.72132516920319
test_03956,12.20208167142839
test_03957,8.404173595544169
test_03958,46.69336729431845
test_03959,87.94839050538022
test_03960,199.0739666189457
test_03961,175.79299177079457
test_03962,101.19128353990563
test_03963,36.47711847484424
test_03964,53.3392517754269
test_03965,45.61826493656194
test_03966,46.18544337759909
test_03967,17.249394592361284
test_03968,48.941883537627604
test_03969,143.43613632632776
test_03970,49.20837875166813
test_03971,119.8765217763119
test_03972,236.17466064793882
test_03973,119.34950897739796
test_03974,134.671538063921
test_03975,101.04438174860195
test_03976,62.12577458931534
test_03977,224.7132098807151
test_03978,54.076882181758926
test_03979,45.47097296264891
test_03980,11.62329700942404
test_03981,19.99905089597468
test_03982,66.76513512585042
test_03983,114.21967247127272
test_03984,10.739648657923516
test_03985,57.151113389500495
test_03986,5.903548080716265
test_03987,29.520893515541758
test_03988,14.865165095162114
test_03989,7.34212776592299
test_03990,75.78275116654795
test_03991,158.45816712847707
test_03992,257.2093250193708
test_03993,225.37701620094472
test_03994,113.48485997562415
test_03995,134.40628980579464
test_03996,15.539466544840552
test_03997,104.47605254290791
test_03998,184.72003041594144
test_03999,132.7969123644351
test_04000,61.52192266336722
test_04001,53.08665927485651
test_04002,18.555817515105176
test_04003,18.188420000747854
test_04004,67.79012163451259
test_04005,58.6562696156958
test_04006,179.4176608880791
test_04007,24.10630857485776
test_04008,69.62029038376795
test_04009,10.413900340659668
test_04010,7.554141871671266
test_04011,34.994256776441226
test_04012,89.98380717315763
test_04013,220.0481740677901
test_04014,338.2379144455222
test_04015,15.04622471211255
test_04016,125.08981904482698
test_04017,143.3100626540808
test_04018,8.053648562203287
test_04019,145.0534623158034
test_04020,272.8127413336585
test_04021,480.81924216465916
test_04022,103.05260877807555
test_04023,44.584438450343924
test_04024,142.96986703921377
test_04025,228.91030511596836
test_04026,10.520247711072987
test_04027,18.384713444671668
test_04028,197.0182127269423
test_04029,222.5976664809928
test_04030,7.79541330018105
test_04031,13.559559170428944
test_04032,9.140384354934614
test_04033,243.59736355993948
test_04034,271.014552039783
test_04035,256.97596465569274
test_04036,234.05921949129151
test_04037,398.94413452971526
test_04038,430.92024751514305
test_04039,12.882642082013286
test_04040,92.09675863104421
test_04041,135.12821006344723
test_04042,174.6777558442655
test_04043,9.452325011758399
test_04044,159.24195398863125
test_04045,11.883919407976354
test_04046,367.1379386887781
test_04047,346.68243321726516
test_04048,375.8717425115069
test_04049,105.38637454544835
test_04050,312.31877882605033
test_04051,419.16194992579585
test_04052,253.18846071495233
test_04053,207.23223643593727
test_04054,193.17910384564004
test_04055,18.198514256938676
test_04056,15.240044161629022
test_04057,9.45037122295779
test_04058,75.5450955230778
test_04059,95.14553468815093
test_04060,13.160877090240312
test_04061,32.74566798712565
test_04062,87.97659177634317
test_04063,133.39376362247077
test_04064,172.74268273949025
test_04065,58.81504465033898
test_04066,9.32182836685397
test_04067,83.04059928819711
test_04068,9.691543255824698
test_04069,23.475158684740663
test_04070,106.56992635675789
test_04071,194.61706060527587
test_04072,356.33253737857854
test_04073,8.977185076172056
test_04074,494.88479058809855
test_04075,11.526509474621339
test_04076,8.29442551487286
test_04077,123.5587742307483
test_04078,9.232326428914194
test_04079,61.4129947101551
test_04080,106.68517394347367
test_04081,339.29135003620354
test_04082,6.672829398544892
test_04083,9.621809743486212
test_04084,44.75720227093546
test_04085,11.2306236146471
test_04086,8.757861329649028
test_04087,9.915790914424516
test_04088,131.65204369440784
test_04089,165.5765644670105
test_04090,197.43120850985002
test_04091,235.62286983319024
test_04092,261.78891123630103
test_04093,5.9976128193781495
test_04094,106.37782107032649
test_04095,149.4055221877004
test_04096,7.199061593593347
test_04097,60.10399599059795
test_04098,93.04066263643927
test_04099,15.054668666723181
test_04100,25.998293537706914
test_04101,8.148497785336112
test_04102,26.881728092546123
test_04103,6.8181749537161505
